"url","slug","publicPageFound","pageLeakHits","productDataLeakHits","status"
"/en-za/products/magnetic-separation-equipment/suspended-permanent-magnetic-separator/","suspended-permanent-magnetic-separator","yes","none","none","pass"
"/en-za/products/magnetic-separation-equipment/suspended-electromagnetic-conveyor-belt-separator/","suspended-electromagnetic-conveyor-belt-separator","yes","none","none","pass"
"/en-za/products/industry-application-equipment/round-electromagnetic-lifting-magnet/","round-electromagnetic-lifting-magnet","yes","none","none","pass"
"/en-za/products/metal-detection-and-recycling-sorting/permanent-overband-magnetic-separator/","permanent-overband-magnetic-separator","yes","none","none","pass"
"/en-za/products/suspended-and-self-unloading-iron-removers/rcyd-type-permanent-magnet-self-dumping-iron-remover/","rcyd-type-permanent-magnet-self-dumping-iron-remover","yes","none","none","pass"
"/en-za/products/suspended-and-self-unloading-iron-removers/rcdd-type-self-cooling-self-dumping-electromagnetic-iron-remover/","rcdd-type-self-cooling-self-dumping-electromagnetic-iron-remover","yes","none","none","pass"
"/en-za/products/suspended-and-self-unloading-iron-removers/rcyb-type-permanent-magnet-manual-iron-remover/","rcyb-type-permanent-magnet-manual-iron-remover","yes","none","none","pass"
"/en-za/products/suspended-and-self-unloading-iron-removers/rcdb-type-self-cooling-plate-electromagnetic-iron-remover/","rcdb-type-self-cooling-plate-electromagnetic-iron-remover","yes","none","none","pass"
"/en-za/products/magnetic-separation-equipment/belt-high-gradient-magnetic-separator/","belt-high-gradient-magnetic-separator","yes","none","none","pass"
"/en-za/products/magnetic-separation-equipment/disc-magnetic-separator-for-tailing/","disc-magnetic-separator-for-tailing","yes","none","none","pass"
"/en-za/products/magnetic-separation-equipment/dry-drum-magnetic-separator/","dry-drum-magnetic-separator","yes","none","none","pass"
"/en-za/products/magnetic-separation-equipment/wet-drum-magnetic-separator/","wet-drum-magnetic-separator","yes","none","none","pass"
"/en-za/products/magnetic-separation-equipment/cbz-type-rotary-automatic-magnetic-separator/","cbz-type-rotary-automatic-magnetic-separator","yes","none","none","pass"
"/en-za/products/magnetic-separation-equipment/cgb-type-rotary-semi-automatic-magnetic-separator/","cgb-type-rotary-semi-automatic-magnetic-separator","yes","none","none","pass"
"/en-za/products/magnetic-separation-equipment/cqz-type-fully-automatic-online-magnetic-separator/","cqz-type-fully-automatic-online-magnetic-separator","yes","none","none","pass"
"/en-za/products/magnetic-separation-equipment/ctn-wet-full-countercurrent-magnetic-separator/","ctn-wet-full-countercurrent-magnetic-separator","yes","none","none","pass"
"/en-za/products/magnetic-separation-equipment/cts-type-wet-co-current-magnetic-separator/","cts-type-wet-co-current-magnetic-separator","yes","none","none","pass"
"/en-za/products/magnetic-separation-equipment/cxj-drum-type-automatic-magnetic-separator/","cxj-drum-type-automatic-magnetic-separator","yes","none","none","pass"
"/en-za/products/magnetic-separation-equipment/dcz-type-dry-fully-automatic-magnetic-separator/","dcz-type-dry-fully-automatic-magnetic-separator","yes","none","none","pass"
"/en-za/products/magnetic-separation-equipment/gls-type-integral-channel-metal-separator/","gls-type-integral-channel-metal-separator","yes","none","none","pass"
"/en-za/products/magnetic-separation-equipment/cgt-type-super-strong-full-magnetic-drum/","cgt-type-super-strong-full-magnetic-drum","yes","none","none","pass"
"/en-za/products/magnetic-separation-equipment/ctz-type-midfield-strong-semi-magnetic-drum/","ctz-type-midfield-strong-semi-magnetic-drum","yes","none","none","pass"
"/en-za/products/magnetic-separation-equipment/rcda-type-air-cooled-electromagnetic-iron-remover/","rcda-type-air-cooled-electromagnetic-iron-remover","yes","none","none","pass"
"/en-za/products/magnetic-separation-equipment/rcdc-type-air-cooled-self-dumping-electromagnetic-iron-remover/","rcdc-type-air-cooled-self-dumping-electromagnetic-iron-remover","yes","none","none","pass"
"/en-za/products/magnetic-separation-equipment/rcde-type-oil-cooled-electromagnetic-iron-remover/","rcde-type-oil-cooled-electromagnetic-iron-remover","yes","none","none","pass"
"/en-za/products/magnetic-separation-equipment/rcdf-oil-cooled-self-dumping-electromagnetic-iron-remover/","rcdf-oil-cooled-self-dumping-electromagnetic-iron-remover","yes","none","none","pass"
"/en-za/products/magnetic-separation-equipment/rcdfj-type-forced-oil-circulation-self-dumping-electromagnetic-iron-remover/","rcdfj-type-forced-oil-circulation-self-dumping-electromagnetic-iron-remover","yes","none","none","pass"
"/en-za/products/magnetic-separation-equipment/rcps-self-dumping-disc-type-permanent-magnet-iron-remover/","rcps-self-dumping-disc-type-permanent-magnet-iron-remover","yes","none","none","pass"
"/en-za/products/magnetic-separation-equipment/rct-type-fully-magnetic-drum/","rct-type-fully-magnetic-drum","yes","none","none","pass"
"/en-za/products/magnetic-separation-equipment/rcya-type-inclined-pipeline-permanent-magnet-iron-remover/","rcya-type-inclined-pipeline-permanent-magnet-iron-remover","yes","none","none","pass"
"/en-za/products/magnetic-separation-equipment/rcydii-type-permanent-magnet-self-dumping-iron-remover/","rcydii-type-permanent-magnet-self-dumping-iron-remover","yes","none","none","pass"
"/en-za/products/magnetic-separation-equipment/rcye-type-permanent-magnet-self-dumping-iron-remover/","rcye-type-permanent-magnet-self-dumping-iron-remover","yes","none","none","pass"
"/en-za/products/magnetic-separation-equipment/rcyf-type-vertical-pipeline-permanent-magnet-iron-remover/","rcyf-type-vertical-pipeline-permanent-magnet-iron-remover","yes","none","none","pass"
"/en-za/products/magnetic-separation-equipment/rcyg-type-pipeline-self-dumping-permanent-magnet-iron-remover/","rcyg-type-pipeline-self-dumping-permanent-magnet-iron-remover","yes","none","none","pass"
"/en-za/products/magnetic-separation-equipment/rcyp-type-permanent-magnet-manual-self-dumping-iron-remover/","rcyp-type-permanent-magnet-manual-self-dumping-iron-remover","yes","none","none","pass"
"/en-za/products/magnetic-separation-equipment/rcyz-type-vertical-pipeline-permanent-magnet-iron-remover/","rcyz-type-vertical-pipeline-permanent-magnet-iron-remover","yes","none","none","pass"
"/en-za/products/magnetic-separation-equipment/cqz-type-fully-automatic-online-magnetic-separation/","cqz-type-fully-automatic-online-magnetic-separation","yes","none","none","pass"
"/en-za/products/magnetic-separation-equipment/ctb-wet-semi-countercurrent-magnetic-separator/","ctb-wet-semi-countercurrent-magnetic-separator","yes","none","none","pass"
"/en-za/products/magnetic-separation-equipment/dcx-wet-fully-automatic-magnetic-separator/","dcx-wet-fully-automatic-magnetic-separator","yes","none","none","pass"
"/en-za/products/magnetic-separation-equipment/gtc-wet-plate-magnetic-separator/","gtc-wet-plate-magnetic-separator","yes","none","none","pass"
"/en-za/products/magnetic-separation-equipment/hjlh-wet-vertical-ring-high-gradient-magnetic-separator/","hjlh-wet-vertical-ring-high-gradient-magnetic-separator","yes","none","none","pass"
"/en-za/products/magnetic-separation-equipment/hjpc-wet-disc-magnetic-separation/","hjpc-wet-disc-magnetic-separation","yes","none","none","pass"
"/en-za/products/magnetic-separation-equipment/clt-type-magnetic-desliming-tank/","clt-type-magnetic-desliming-tank","yes","none","none","pass"
"/en-za/products/magnetic-separation-equipment/ctb-type-semi-countercurrent-wet-selection-machine/","ctb-type-semi-countercurrent-wet-selection-machine","yes","none","none","pass"
"/en-za/products/magnetic-separation-equipment/ctdg-type-permanent-magnet-bulk-dry-magnetic-separator/","ctdg-type-permanent-magnet-bulk-dry-magnetic-separator","yes","none","none","pass"
"/en-za/products/magnetic-separation-equipment/ctn-type-full-countercurrent-wet-magnetic-separator/","ctn-type-full-countercurrent-wet-magnetic-separator","yes","none","none","pass"
"/en-za/products/magnetic-separation-equipment/cts-type-downstream-wet-pre-selection-machine/","cts-type-downstream-wet-pre-selection-machine","yes","none","none","pass"
"/en-za/products/magnetic-separation-equipment/ctzs-type-upward-suction-magnetic-separator/","ctzs-type-upward-suction-magnetic-separator","yes","none","none","pass"
"/en-za/products/magnetic-separation-equipment/hcg-type-dry-pre-selection-machine/","hcg-type-dry-pre-selection-machine","yes","none","none","pass"
"/en-za/products/magnetic-separation-equipment/hjlh-type-vertical-ring-high-gradient-magnetic-separation/","hjlh-type-vertical-ring-high-gradient-magnetic-separation","yes","none","none","pass"
"/en-za/products/magnetic-separation-equipment/ljk-type-magnetic-ore-special-iron-remover/","ljk-type-magnetic-ore-special-iron-remover","yes","none","none","pass"
"/en-za/products/magnetic-separation-equipment/nct-type-concentrated-magnetic-separator/","nct-type-concentrated-magnetic-separator","yes","none","none","pass"
"/en-za/products/magnetic-separation-equipment/wbc-semi-magnetic-tailings-recovery-machine/","wbc-semi-magnetic-tailings-recovery-machine","yes","none","none","pass"
"/en-za/products/magnetic-separation-equipment/ctn-type-specialized-magnetic-separator-for-coal-washing/","ctn-type-specialized-magnetic-separator-for-coal-washing","yes","none","none","pass"
"/en-za/products/magnetic-separation-equipment/hmdn-coal-washing-special-magnetic-separator/","hmdn-coal-washing-special-magnetic-separator","yes","none","none","pass"
"/en-za/products/metal-detection-and-recycling-sorting/dls-type-window-metal-detector/","dls-type-window-metal-detector","yes","none","none","pass"
"/en-za/products/metal-detection-and-recycling-sorting/gjt-type-window-metal-detector/","gjt-type-window-metal-detector","yes","none","none","pass"
"/en-za/products/metal-detection-and-recycling-sorting/hecp-eddy-current-metal-sorting-machine/","hecp-eddy-current-metal-sorting-machine","yes","none","none","pass"
"/en-za/products/metal-detection-and-recycling-sorting/hecs-type-eddy-current-metal-sorting-machine/","hecs-type-eddy-current-metal-sorting-machine","yes","none","none","pass"
"/en-za/products/metal-detection-and-recycling-sorting/drum-magnet/","drum-magnet","yes","none","none","pass"
"/en-za/products/metal-detection-and-recycling-sorting/eccentric-eddy-current-separator/","eccentric-eddy-current-separator","yes","none","none","pass"
"/en-za/products/metal-detection-and-recycling-sorting/electromagnet-separator/","electromagnet-separator","yes","none","none","pass"
"/en-za/products/metal-detection-and-recycling-sorting/magnetic-head-pulley/","magnetic-head-pulley","yes","none","none","pass"
"/en-za/products/metal-detection-and-recycling-sorting/stainless-steel-separation-conveyor/","stainless-steel-separation-conveyor","yes","none","none","pass"
"/en-za/products/magnetic-components-and-filters/cbs-drawer-type-magnetic-filter/","cbs-drawer-type-magnetic-filter","yes","none","none","pass"
"/en-za/products/magnetic-components-and-filters/clc-type-wet-slot-magnetic-filter/","clc-type-wet-slot-magnetic-filter","yes","none","none","pass"
"/en-za/products/magnetic-components-and-filters/ctq-type-roller-automatic-magnetic-separator/","ctq-type-roller-automatic-magnetic-separator","yes","none","none","pass"
"/en-za/products/magnetic-components-and-filters/cyg-wet-pipeline-magnetic-filter/","cyg-wet-pipeline-magnetic-filter","yes","none","none","pass"
"/en-za/products/magnetic-components-and-filters/rcyz-type-pipeline-magnetic-filter/","rcyz-type-pipeline-magnetic-filter","yes","none","none","pass"
"/en-za/products/magnetic-components-and-filters/clc-type-slot-magnetic-filter/","clc-type-slot-magnetic-filter","yes","none","none","pass"
"/en-za/products/magnetic-components-and-filters/dhd-type-roller-type-automatic-magnetic-separator/","dhd-type-roller-type-automatic-magnetic-separator","yes","none","none","pass"
"/en-za/products/magnetic-components-and-filters/dhj-type-strong-roller-automatic-magnetic-separator/","dhj-type-strong-roller-automatic-magnetic-separator","yes","none","none","pass"
"/en-za/products/magnetic-components-and-filters/qcg-wet-roller-magnetic-separator/","qcg-wet-roller-magnetic-separator","yes","none","none","pass"
"/en-za/products/magnetic-components-and-filters/drawer-magnet/","drawer-magnet","yes","none","none","pass"
"/en-za/products/magnetic-components-and-filters/hump-magnet/","hump-magnet","yes","none","none","pass"
"/en-za/products/magnetic-components-and-filters/magnetic-grid/","magnetic-grid","yes","none","none","pass"
"/en-za/products/magnetic-components-and-filters/magnetic-rod/","magnetic-rod","yes","none","none","pass"
"/en-za/products/magnetic-components-and-filters/magnetic-trap/","magnetic-trap","yes","none","none","pass"
"/en-za/products/magnetic-components-and-filters/rotary-pipe-magnet/","rotary-pipe-magnet","yes","none","none","pass"
"/en-za/products/magnetic-components-and-filters/permanent-filter-bar-magnetic-neodymium-rod/","permanent-filter-bar-magnetic-neodymium-rod","yes","none","none","pass"
"/en-za/products/industry-application-equipment/high-frequency-screen/","high-frequency-screen","yes","none","none","pass"
"/en-za/products/industry-application-equipment/kgla-series-rectifier-control-box/","kgla-series-rectifier-control-box","yes","none","none","pass"
"/en-za/products/industry-application-equipment/kxb-mining-explosion-proof-electromagnetic-iron-remover-control-box/","kxb-mining-explosion-proof-electromagnetic-iron-remover-control-box","yes","none","none","pass"
"/en-za/products/industry-application-equipment/qjz-mining-explosion-proof-permanent-magnet-iron-remover-control-box/","qjz-mining-explosion-proof-permanent-magnet-iron-remover-control-box","yes","none","none","pass"
"/en-za/products/industry-application-equipment/rbcdb-explosion-proof-disc-type-electromagnetic-iron-remover/","rbcdb-explosion-proof-disc-type-electromagnetic-iron-remover","yes","none","none","pass"
"/en-za/products/industry-application-equipment/rbcdd-explosion-proof-electromagnetic-self-dumping-iron-remover/","rbcdd-explosion-proof-electromagnetic-self-dumping-iron-remover","yes","none","none","pass"
"/en-za/products/industry-application-equipment/rbcyd-explosion-proof-permanent-magnet-self-dumping-iron-remover/","rbcyd-explosion-proof-permanent-magnet-self-dumping-iron-remover","yes","none","none","pass"
