"name","series","model","currentProductUrl","productCategory","productType","magnetType","cleaningMode","availability","verifiedSpecCount","pendingSpecCount","imageCount","imageRights","applications","selectionInputs","supplierConfirmed","sourceStatus","duplicateLegacyRoutes"
"Suspended Permanent Magnetic Separator","Suspended Permanent Magnetic Separator","To be confirmed","/en-za/products/magnetic-separation-equipment/suspended-permanent-magnetic-separator/","Magnetic Separation Equipment","Permanent magnetic separator","permanent","manual","Available subject to project and supplier confirmation","0","10","1","COWIN product media supplied through the main-site product record","Mining and mineral-processing conveyor lines | Coal handling and washing plants | Quarry and cement raw-material conveyors | Ports and bulk-material handling","Conveyor belt width, speed and material burden depth | Suspension height and available structural support | Expected size and frequency of ferromagnetic tramp material | Safe access and isolation procedure for manual cleaning | Dust, corrosion, temperature and outdoor exposure","project confirmation required","synced-main-site-public-content","/en-za/products/suspended-and-self-unloading-iron-removers/suspended-permanent-magnetic-separator/ | /en-za/products/suspended-permanent-magnetic-separator/"
"Suspended Electromagnetic Conveyor Belt Separator","Suspended Electromagnetic Conveyor Belt Separator","To be confirmed","/en-za/products/magnetic-separation-equipment/suspended-electromagnetic-conveyor-belt-separator/","Magnetic Separation Equipment","Electromagnetic suspended separator","electromagnetic","manual","Available subject to project and supplier confirmation","0","9","1","COWIN product media supplied through the main-site product record","Mining and mineral-processing conveyor lines | Coal handling and washing plants | Quarry and cement conveyor protection | Bulk-material transfer points","Conveyor belt width, speed, burden depth and suspension height | Expected tramp iron profile and process duty | Site voltage, frequency, phases and protection requirements | Cooling clearance, dust control and maintenance access | Installation structure and safe manual-cleaning arrangement","project confirmation required","synced-main-site-public-content","/en-za/products/suspended-and-self-unloading-iron-removers/suspended-electromagnetic-conveyor-belt-separator/ | /en-za/products/suspended-electromagnetic-separator/"
"Round Electromagnetic Lifting Magnet","Round Electromagnetic Lifting Magnet","To be confirmed","/en-za/products/industry-application-equipment/round-electromagnetic-lifting-magnet/","Industry Application Equipment","Industrial magnetic-process auxiliary equipment","auxiliary","not_applicable","Available subject to project and supplier confirmation","0","7","1","COWIN product media supplied through the main-site product record","Mining and mineral-processing support duties | Bulk-material handling and conveyor projects | Process control or material-handling interfaces | Project-specific equipment packages","Required application duty and process position | Installation interface and available space | Material, electrical or control information where applicable | Environmental conditions and maintenance access | Project drawings or photographs where available","project confirmation required","synced-main-site-public-content","/en-za/products/magnetic-separation-equipment/round-electromagnetic-lifting-magnet/"
"Permanent Overband Magnetic Separator","Permanent Overband Magnetic Separator","To be confirmed","/en-za/products/metal-detection-and-recycling-sorting/permanent-overband-magnetic-separator/","Metal Detection & Recycling Sorting","Permanent self-cleaning iron remover","permanent","self_cleaning","Available subject to project and supplier confirmation","0","11","1","COWIN product media supplied through the main-site product record","Mining and mineral-processing conveyor lines | Coal handling and washing plants | Aggregate and cement conveyor protection | Ports and bulk-material handling","Conveyor belt width, speed and material burden depth | Suspension height, installation direction and discharge side | Expected tramp iron size, frequency and duty cycle | Space for the discharge belt, guards and maintenance | Dust, corrosion, temperature and outdoor exposure","project confirmation required","synced-main-site-public-content","/en-za/products/suspended-and-self-unloading-iron-removers/permanent-overband-magnetic-separator/ | /en-za/products/permanent-overband-magnetic-separator/"
"RCYD Permanent Self-Cleaning Iron Remover","RCYD","RCYD","/en-za/products/suspended-and-self-unloading-iron-removers/rcyd-type-permanent-magnet-self-dumping-iron-remover/","Suspended & Self-Unloading Iron Removers","Permanent self-cleaning iron remover","permanent","self_cleaning","Available subject to project and supplier confirmation","0","11","1","COWIN product media supplied through the main-site product record","Mining and mineral-processing conveyor lines | Coal handling and washing plants | Aggregate and cement conveyor protection | Ports and bulk-material handling","Conveyor belt width, speed and material burden depth | Suspension height, installation direction and discharge side | Expected tramp iron size, frequency and duty cycle | Space for the discharge belt, guards and maintenance | Dust, corrosion, temperature and outdoor exposure","project confirmation required","synced-main-site-public-content",""
"RCDD Self-Cooling Electromagnetic Iron Remover","RCDD","RCDD","/en-za/products/suspended-and-self-unloading-iron-removers/rcdd-type-self-cooling-self-dumping-electromagnetic-iron-remover/","Suspended & Self-Unloading Iron Removers","Self-cleaning electromagnetic iron remover","electromagnetic","self_cleaning","Available subject to project and supplier confirmation","0","11","1","COWIN product media supplied through the main-site product record","Mining and mineral-processing conveyor lines | Coal handling and washing plants | Heavy-duty aggregate and cement conveyors | Ports and bulk-material handling","Conveyor belt width, speed, burden depth and suspension height | Expected tramp iron profile, discharge direction and duty cycle | Site voltage, frequency, phases and control requirements | Cooling clearance, discharge-belt space and access | Dust, humidity, corrosion and outdoor exposure","project confirmation required","synced-main-site-public-content",""
"RCYB type permanent magnet manual iron remover","RCYB","RCYB","/en-za/products/suspended-and-self-unloading-iron-removers/rcyb-type-permanent-magnet-manual-iron-remover/","Suspended & Self-Unloading Iron Removers","Permanent magnetic separator","permanent","manual","Available subject to project and supplier confirmation","0","10","1","COWIN product media supplied through the main-site product record","Mining and mineral-processing conveyor lines | Coal handling and washing plants | Quarry and cement raw-material conveyors | Ports and bulk-material handling","Conveyor belt width, speed and material burden depth | Suspension height and available structural support | Expected size and frequency of ferromagnetic tramp material | Safe access and isolation procedure for manual cleaning | Dust, corrosion, temperature and outdoor exposure","project confirmation required","synced-main-site-public-content",""
"RCDB type self cooling plate electromagnetic iron remover","RCDB","RCDB","/en-za/products/suspended-and-self-unloading-iron-removers/rcdb-type-self-cooling-plate-electromagnetic-iron-remover/","Suspended & Self-Unloading Iron Removers","Industrial magnetic-process auxiliary equipment","auxiliary","not_applicable","Available subject to project and supplier confirmation","0","7","1","COWIN product media supplied through the main-site product record","Mining and mineral-processing support duties | Bulk-material handling and conveyor projects | Process control or material-handling interfaces | Project-specific equipment packages","Required application duty and process position | Installation interface and available space | Material, electrical or control information where applicable | Environmental conditions and maintenance access | Project drawings or photographs where available","project confirmation required","synced-main-site-public-content",""
"Belt High-Gradient Magnetic Separator","Belt High-Gradient Magnetic Separator","To be confirmed","/en-za/products/magnetic-separation-equipment/belt-high-gradient-magnetic-separator/","Magnetic Separation Equipment","High-gradient or specialist mineral magnetic separator","dry_magnetic","not_applicable","Available subject to project and supplier confirmation","0","9","1","COWIN product media supplied through the main-site product record","Mineral beneficiation projects with a defined magnetic-separation stage | Chrome, manganese, iron-bearing or other mineral streams subject to testwork | Tailings, recovery or upgrading reviews | Process lines where feed condition and target mineral response are confirmed","Mineral composition, objective and representative sample data | Particle-size distribution and dry or slurry feed condition | Target magnetic fraction and downstream process route | Water, slurry, power and installation constraints where applicable | Laboratory, pilot or plant test information where available","project confirmation required","synced-main-site-public-content",""
"Disc Magnetic Separator for Tailing","Disc Magnetic Separator for Tailing","To be confirmed","/en-za/products/magnetic-separation-equipment/disc-magnetic-separator-for-tailing/","Magnetic Separation Equipment","High-gradient or specialist mineral magnetic separator","dry_magnetic","not_applicable","Available subject to project and supplier confirmation","0","9","1","COWIN product media supplied through the main-site product record","Mineral beneficiation projects with a defined magnetic-separation stage | Chrome, manganese, iron-bearing or other mineral streams subject to testwork | Tailings, recovery or upgrading reviews | Process lines where feed condition and target mineral response are confirmed","Mineral composition, objective and representative sample data | Particle-size distribution and dry or slurry feed condition | Target magnetic fraction and downstream process route | Water, slurry, power and installation constraints where applicable | Laboratory, pilot or plant test information where available","project confirmation required","synced-main-site-public-content",""
"Dry Drum Magnetic Separator","Dry Drum Magnetic Separator","To be confirmed","/en-za/products/magnetic-separation-equipment/dry-drum-magnetic-separator/","Magnetic Separation Equipment","Dry magnetic separator","dry_magnetic","not_applicable","Available subject to project and supplier confirmation","0","8","1","COWIN product media supplied through the main-site product record","Dry mineral pre-concentration and beneficiation reviews | Prepared ore and bulk-material separation stages | Coal or mineral feed preparation where applicable | Recovery or cleaning stages subject to material assessment","Mineral type and magnetic response | Feed particle-size distribution and moisture | Feed rate and separation objective | Feed preparation, dust control and discharge arrangement | Representative sample or plant test information where available","project confirmation required","synced-main-site-public-content",""
"Wet Drum Magnetic Separator","Wet Drum Magnetic Separator","To be confirmed","/en-za/products/magnetic-separation-equipment/wet-drum-magnetic-separator/","Magnetic Separation Equipment","Wet magnetic separator","wet_magnetic","not_applicable","Available subject to project and supplier confirmation","0","9","1","COWIN product media supplied through the main-site product record","Mineral beneficiation circuits following feed and mineral assessment | Iron-bearing mineral recovery and concentration duties | Coal-washing magnetic separation stages where applicable | Tailings or process-stream recovery reviews","Mineral type and magnetic response | Feed particle-size distribution and target separation objective | Slurry density, water conditions and available process space | Required feed rate and downstream concentrate or tailings route | Representative sample or plant test information where available","project confirmation required","synced-main-site-public-content","/en-za/products/wet-drum-magnetic-separator/"
"CBZ type rotary automatic magnetic separator","CBZ","CBZ","/en-za/products/magnetic-separation-equipment/cbz-type-rotary-automatic-magnetic-separator/","Magnetic Separation Equipment","Industrial magnetic-process auxiliary equipment","auxiliary","not_applicable","Available subject to project and supplier confirmation","0","7","1","COWIN product media supplied through the main-site product record","Mining and mineral-processing support duties | Bulk-material handling and conveyor projects | Process control or material-handling interfaces | Project-specific equipment packages","Required application duty and process position | Installation interface and available space | Material, electrical or control information where applicable | Environmental conditions and maintenance access | Project drawings or photographs where available","project confirmation required","synced-main-site-public-content",""
"CGB type rotary semi-automatic magnetic separator","CGB","CGB","/en-za/products/magnetic-separation-equipment/cgb-type-rotary-semi-automatic-magnetic-separator/","Magnetic Separation Equipment","Magnetic filter or separator component","filter","not_applicable","Available subject to project and supplier confirmation","0","8","1","COWIN product media supplied through the main-site product record","Gravity-fed bulk-material streams | Pipeline or chute installations subject to connection confirmation | Powder, granule or processed-material contamination control | Industrial process lines where cleaning access can be provided","Material type, particle size and flow condition | Opening, pipe connection or installation envelope | Flow rate, pressure, temperature and material properties where applicable | Expected contamination and required cleaning interval | Access for safe cleaning and maintenance","project confirmation required","synced-main-site-public-content",""
"CQZ type fully automatic online magnetic separator","CQZ","CQZ","/en-za/products/magnetic-separation-equipment/cqz-type-fully-automatic-online-magnetic-separator/","Magnetic Separation Equipment","Magnetic filter or separator component","filter","not_applicable","Available subject to project and supplier confirmation","0","8","1","COWIN product media supplied through the main-site product record","Gravity-fed bulk-material streams | Pipeline or chute installations subject to connection confirmation | Powder, granule or processed-material contamination control | Industrial process lines where cleaning access can be provided","Material type, particle size and flow condition | Opening, pipe connection or installation envelope | Flow rate, pressure, temperature and material properties where applicable | Expected contamination and required cleaning interval | Access for safe cleaning and maintenance","project confirmation required","synced-main-site-public-content",""
"CTN wet full countercurrent magnetic separator","CTN","CTN","/en-za/products/magnetic-separation-equipment/ctn-wet-full-countercurrent-magnetic-separator/","Magnetic Separation Equipment","Wet magnetic separator","wet_magnetic","not_applicable","Available subject to project and supplier confirmation","0","9","1","COWIN product media supplied through the main-site product record","Mineral beneficiation circuits following feed and mineral assessment | Iron-bearing mineral recovery and concentration duties | Coal-washing magnetic separation stages where applicable | Tailings or process-stream recovery reviews","Mineral type and magnetic response | Feed particle-size distribution and target separation objective | Slurry density, water conditions and available process space | Required feed rate and downstream concentrate or tailings route | Representative sample or plant test information where available","project confirmation required","synced-main-site-public-content",""
"CTS type wet co current magnetic separator","CTS","CTS","/en-za/products/magnetic-separation-equipment/cts-type-wet-co-current-magnetic-separator/","Magnetic Separation Equipment","Wet magnetic separator","wet_magnetic","not_applicable","Available subject to project and supplier confirmation","0","9","1","COWIN product media supplied through the main-site product record","Mineral beneficiation circuits following feed and mineral assessment | Iron-bearing mineral recovery and concentration duties | Coal-washing magnetic separation stages where applicable | Tailings or process-stream recovery reviews","Mineral type and magnetic response | Feed particle-size distribution and target separation objective | Slurry density, water conditions and available process space | Required feed rate and downstream concentrate or tailings route | Representative sample or plant test information where available","project confirmation required","synced-main-site-public-content",""
"CXJ drum type automatic magnetic separator","CXJ","CXJ","/en-za/products/magnetic-separation-equipment/cxj-drum-type-automatic-magnetic-separator/","Magnetic Separation Equipment","Magnetic filter or separator component","filter","not_applicable","Available subject to project and supplier confirmation","0","8","1","COWIN product media supplied through the main-site product record","Gravity-fed bulk-material streams | Pipeline or chute installations subject to connection confirmation | Powder, granule or processed-material contamination control | Industrial process lines where cleaning access can be provided","Material type, particle size and flow condition | Opening, pipe connection or installation envelope | Flow rate, pressure, temperature and material properties where applicable | Expected contamination and required cleaning interval | Access for safe cleaning and maintenance","project confirmation required","synced-main-site-public-content",""
"DCZ type dry fully automatic magnetic separator","DCZ","DCZ","/en-za/products/magnetic-separation-equipment/dcz-type-dry-fully-automatic-magnetic-separator/","Magnetic Separation Equipment","Industrial magnetic-process auxiliary equipment","auxiliary","not_applicable","Available subject to project and supplier confirmation","0","7","1","COWIN product media supplied through the main-site product record","Mining and mineral-processing support duties | Bulk-material handling and conveyor projects | Process control or material-handling interfaces | Project-specific equipment packages","Required application duty and process position | Installation interface and available space | Material, electrical or control information where applicable | Environmental conditions and maintenance access | Project drawings or photographs where available","project confirmation required","synced-main-site-public-content",""
"GLS type integral channel metal separator","GLS","GLS","/en-za/products/magnetic-separation-equipment/gls-type-integral-channel-metal-separator/","Magnetic Separation Equipment","Industrial metal detector","metal_detection","not_applicable","Available subject to project and supplier confirmation","0","8","1","COWIN product media supplied through the main-site product record","Crusher-feed and quarry conveyor protection | Coal and bulk-material handling lines | Mining and mineral-processing conveyors | Cement and aggregate material inspection","Detection aperture and conveyor geometry | Target metal, test-piece requirement and sensitivity objective | Material burden, particle size and conveyor speed | Alarm, stop or reject interlock requirement | Electrical supply and environmental conditions","project confirmation required","synced-main-site-public-content",""
"CGT type super strong full magnetic drum","CGT","CGT","/en-za/products/magnetic-separation-equipment/cgt-type-super-strong-full-magnetic-drum/","Magnetic Separation Equipment","Wet magnetic separator","wet_magnetic","not_applicable","Available subject to project and supplier confirmation","0","9","1","COWIN product media supplied through the main-site product record","Mineral beneficiation circuits following feed and mineral assessment | Iron-bearing mineral recovery and concentration duties | Coal-washing magnetic separation stages where applicable | Tailings or process-stream recovery reviews","Mineral type and magnetic response | Feed particle-size distribution and target separation objective | Slurry density, water conditions and available process space | Required feed rate and downstream concentrate or tailings route | Representative sample or plant test information where available","project confirmation required","synced-main-site-public-content",""
"CTZ type midfield strong semi magnetic drum","CTZ","CTZ","/en-za/products/magnetic-separation-equipment/ctz-type-midfield-strong-semi-magnetic-drum/","Magnetic Separation Equipment","Wet magnetic separator","wet_magnetic","not_applicable","Available subject to project and supplier confirmation","0","9","1","COWIN product media supplied through the main-site product record","Mineral beneficiation circuits following feed and mineral assessment | Iron-bearing mineral recovery and concentration duties | Coal-washing magnetic separation stages where applicable | Tailings or process-stream recovery reviews","Mineral type and magnetic response | Feed particle-size distribution and target separation objective | Slurry density, water conditions and available process space | Required feed rate and downstream concentrate or tailings route | Representative sample or plant test information where available","project confirmation required","synced-main-site-public-content",""
"RCDA type air-cooled electromagnetic iron remover","RCDA","RCDA","/en-za/products/magnetic-separation-equipment/rcda-type-air-cooled-electromagnetic-iron-remover/","Magnetic Separation Equipment","Electromagnetic suspended separator","electromagnetic","manual","Available subject to project and supplier confirmation","0","9","1","COWIN product media supplied through the main-site product record","Mining and mineral-processing conveyor lines | Coal handling and washing plants | Quarry and cement conveyor protection | Bulk-material transfer points","Conveyor belt width, speed, burden depth and suspension height | Expected tramp iron profile and process duty | Site voltage, frequency, phases and protection requirements | Cooling clearance, dust control and maintenance access | Installation structure and safe manual-cleaning arrangement","project confirmation required","synced-main-site-public-content","/en-za/products/suspended-and-self-unloading-iron-removers/rcda-type-air-cooled-electromagnetic-iron-remover/"
"RCDC type air-cooled self dumping electromagnetic iron remover","RCDC","RCDC","/en-za/products/magnetic-separation-equipment/rcdc-type-air-cooled-self-dumping-electromagnetic-iron-remover/","Magnetic Separation Equipment","Self-cleaning electromagnetic iron remover","electromagnetic","self_cleaning","Available subject to project and supplier confirmation","0","11","1","COWIN product media supplied through the main-site product record","Mining and mineral-processing conveyor lines | Coal handling and washing plants | Heavy-duty aggregate and cement conveyors | Ports and bulk-material handling","Conveyor belt width, speed, burden depth and suspension height | Expected tramp iron profile, discharge direction and duty cycle | Site voltage, frequency, phases and control requirements | Cooling clearance, discharge-belt space and access | Dust, humidity, corrosion and outdoor exposure","project confirmation required","synced-main-site-public-content","/en-za/products/suspended-and-self-unloading-iron-removers/rcdc-type-air-cooled-self-dumping-electromagnetic-iron-remover/"
"RCDE type oil cooled electromagnetic iron remover","RCDE","RCDE","/en-za/products/magnetic-separation-equipment/rcde-type-oil-cooled-electromagnetic-iron-remover/","Magnetic Separation Equipment","Electromagnetic suspended separator","electromagnetic","manual","Available subject to project and supplier confirmation","0","9","1","COWIN product media supplied through the main-site product record","Mining and mineral-processing conveyor lines | Coal handling and washing plants | Quarry and cement conveyor protection | Bulk-material transfer points","Conveyor belt width, speed, burden depth and suspension height | Expected tramp iron profile and process duty | Site voltage, frequency, phases and protection requirements | Cooling clearance, dust control and maintenance access | Installation structure and safe manual-cleaning arrangement","project confirmation required","synced-main-site-public-content","/en-za/products/suspended-and-self-unloading-iron-removers/rcde-type-oil-cooled-electromagnetic-iron-remover/"
"RCDF oil cooled self dumping electromagnetic iron remover","RCDF","RCDF","/en-za/products/magnetic-separation-equipment/rcdf-oil-cooled-self-dumping-electromagnetic-iron-remover/","Magnetic Separation Equipment","Self-cleaning electromagnetic iron remover","electromagnetic","self_cleaning","Available subject to project and supplier confirmation","0","11","1","COWIN product media supplied through the main-site product record","Mining and mineral-processing conveyor lines | Coal handling and washing plants | Heavy-duty aggregate and cement conveyors | Ports and bulk-material handling","Conveyor belt width, speed, burden depth and suspension height | Expected tramp iron profile, discharge direction and duty cycle | Site voltage, frequency, phases and control requirements | Cooling clearance, discharge-belt space and access | Dust, humidity, corrosion and outdoor exposure","project confirmation required","synced-main-site-public-content","/en-za/products/suspended-and-self-unloading-iron-removers/rcdf-oil-cooled-self-dumping-electromagnetic-iron-remover/"
"RCDFJ type forced oil circulation self dumping electromagnetic iron remover","RCDFJ","RCDFJ","/en-za/products/magnetic-separation-equipment/rcdfj-type-forced-oil-circulation-self-dumping-electromagnetic-iron-remover/","Magnetic Separation Equipment","Self-cleaning electromagnetic iron remover","electromagnetic","self_cleaning","Available subject to project and supplier confirmation","0","11","1","COWIN product media supplied through the main-site product record","Mining and mineral-processing conveyor lines | Coal handling and washing plants | Heavy-duty aggregate and cement conveyors | Ports and bulk-material handling","Conveyor belt width, speed, burden depth and suspension height | Expected tramp iron profile, discharge direction and duty cycle | Site voltage, frequency, phases and control requirements | Cooling clearance, discharge-belt space and access | Dust, humidity, corrosion and outdoor exposure","project confirmation required","synced-main-site-public-content","/en-za/products/suspended-and-self-unloading-iron-removers/rcdfj-type-forced-oil-circulation-self-dumping-electromagnetic-iron-remover/"
"RCPS self dumping disc type permanent magnet iron remover","RCPS","RCPS","/en-za/products/magnetic-separation-equipment/rcps-self-dumping-disc-type-permanent-magnet-iron-remover/","Magnetic Separation Equipment","Permanent self-cleaning iron remover","permanent","self_cleaning","Available subject to project and supplier confirmation","0","11","1","COWIN product media supplied through the main-site product record","Mining and mineral-processing conveyor lines | Coal handling and washing plants | Aggregate and cement conveyor protection | Ports and bulk-material handling","Conveyor belt width, speed and material burden depth | Suspension height, installation direction and discharge side | Expected tramp iron size, frequency and duty cycle | Space for the discharge belt, guards and maintenance | Dust, corrosion, temperature and outdoor exposure","project confirmation required","synced-main-site-public-content","/en-za/products/suspended-and-self-unloading-iron-removers/rcps-self-dumping-disc-type-permanent-magnet-iron-remover/"
"RCT type fully magnetic drum","RCT","RCT","/en-za/products/magnetic-separation-equipment/rct-type-fully-magnetic-drum/","Magnetic Separation Equipment","Wet magnetic separator","wet_magnetic","not_applicable","Available subject to project and supplier confirmation","0","9","1","COWIN product media supplied through the main-site product record","Mineral beneficiation circuits following feed and mineral assessment | Iron-bearing mineral recovery and concentration duties | Coal-washing magnetic separation stages where applicable | Tailings or process-stream recovery reviews","Mineral type and magnetic response | Feed particle-size distribution and target separation objective | Slurry density, water conditions and available process space | Required feed rate and downstream concentrate or tailings route | Representative sample or plant test information where available","project confirmation required","synced-main-site-public-content",""
"RCYA type inclined pipeline permanent magnet iron remover","RCYA","RCYA","/en-za/products/magnetic-separation-equipment/rcya-type-inclined-pipeline-permanent-magnet-iron-remover/","Magnetic Separation Equipment","Magnetic filter or separator component","filter","not_applicable","Available subject to project and supplier confirmation","0","8","1","COWIN product media supplied through the main-site product record","Gravity-fed bulk-material streams | Pipeline or chute installations subject to connection confirmation | Powder, granule or processed-material contamination control | Industrial process lines where cleaning access can be provided","Material type, particle size and flow condition | Opening, pipe connection or installation envelope | Flow rate, pressure, temperature and material properties where applicable | Expected contamination and required cleaning interval | Access for safe cleaning and maintenance","project confirmation required","synced-main-site-public-content","/en-za/products/suspended-and-self-unloading-iron-removers/rcya-type-inclined-pipeline-permanent-magnet-iron-remover/"
"RCYDII type permanent magnet self dumping iron remover","RCYDII","RCYDII","/en-za/products/magnetic-separation-equipment/rcydii-type-permanent-magnet-self-dumping-iron-remover/","Magnetic Separation Equipment","Permanent self-cleaning iron remover","permanent","self_cleaning","Available subject to project and supplier confirmation","0","11","1","COWIN product media supplied through the main-site product record","Mining and mineral-processing conveyor lines | Coal handling and washing plants | Aggregate and cement conveyor protection | Ports and bulk-material handling","Conveyor belt width, speed and material burden depth | Suspension height, installation direction and discharge side | Expected tramp iron size, frequency and duty cycle | Space for the discharge belt, guards and maintenance | Dust, corrosion, temperature and outdoor exposure","project confirmation required","synced-main-site-public-content","/en-za/products/suspended-and-self-unloading-iron-removers/rcydii-type-permanent-magnet-self-dumping-iron-remover/"
"RCYE type permanent magnet self dumping iron remover","RCYE","RCYE","/en-za/products/magnetic-separation-equipment/rcye-type-permanent-magnet-self-dumping-iron-remover/","Magnetic Separation Equipment","Permanent self-cleaning iron remover","permanent","self_cleaning","Available subject to project and supplier confirmation","0","11","1","COWIN product media supplied through the main-site product record","Mining and mineral-processing conveyor lines | Coal handling and washing plants | Aggregate and cement conveyor protection | Ports and bulk-material handling","Conveyor belt width, speed and material burden depth | Suspension height, installation direction and discharge side | Expected tramp iron size, frequency and duty cycle | Space for the discharge belt, guards and maintenance | Dust, corrosion, temperature and outdoor exposure","project confirmation required","synced-main-site-public-content","/en-za/products/suspended-and-self-unloading-iron-removers/rcye-type-permanent-magnet-self-dumping-iron-remover/"
"RCYF type vertical pipeline permanent magnet iron remover","RCYF","RCYF","/en-za/products/magnetic-separation-equipment/rcyf-type-vertical-pipeline-permanent-magnet-iron-remover/","Magnetic Separation Equipment","Magnetic filter or separator component","filter","not_applicable","Available subject to project and supplier confirmation","0","8","1","COWIN product media supplied through the main-site product record","Gravity-fed bulk-material streams | Pipeline or chute installations subject to connection confirmation | Powder, granule or processed-material contamination control | Industrial process lines where cleaning access can be provided","Material type, particle size and flow condition | Opening, pipe connection or installation envelope | Flow rate, pressure, temperature and material properties where applicable | Expected contamination and required cleaning interval | Access for safe cleaning and maintenance","project confirmation required","synced-main-site-public-content","/en-za/products/suspended-and-self-unloading-iron-removers/rcyf-type-vertical-pipeline-permanent-magnet-iron-remover/"
"RCYG type pipeline self dumping permanent magnet iron remover","RCYG","RCYG","/en-za/products/magnetic-separation-equipment/rcyg-type-pipeline-self-dumping-permanent-magnet-iron-remover/","Magnetic Separation Equipment","Magnetic filter or separator component","filter","not_applicable","Available subject to project and supplier confirmation","0","8","1","COWIN product media supplied through the main-site product record","Gravity-fed bulk-material streams | Pipeline or chute installations subject to connection confirmation | Powder, granule or processed-material contamination control | Industrial process lines where cleaning access can be provided","Material type, particle size and flow condition | Opening, pipe connection or installation envelope | Flow rate, pressure, temperature and material properties where applicable | Expected contamination and required cleaning interval | Access for safe cleaning and maintenance","project confirmation required","synced-main-site-public-content","/en-za/products/suspended-and-self-unloading-iron-removers/rcyg-type-pipeline-self-dumping-permanent-magnet-iron-remover/"
"RCYP type permanent magnet manual self dumping iron remover","RCYP","RCYP","/en-za/products/magnetic-separation-equipment/rcyp-type-permanent-magnet-manual-self-dumping-iron-remover/","Magnetic Separation Equipment","Permanent magnetic separator","permanent","manual","Available subject to project and supplier confirmation","0","10","1","COWIN product media supplied through the main-site product record","Mining and mineral-processing conveyor lines | Coal handling and washing plants | Quarry and cement raw-material conveyors | Ports and bulk-material handling","Conveyor belt width, speed and material burden depth | Suspension height and available structural support | Expected size and frequency of ferromagnetic tramp material | Safe access and isolation procedure for manual cleaning | Dust, corrosion, temperature and outdoor exposure","project confirmation required","synced-main-site-public-content","/en-za/products/suspended-and-self-unloading-iron-removers/rcyp-type-permanent-magnet-manual-self-dumping-iron-remover/"
"RCYZ type vertical pipeline permanent magnet iron remover","RCYZ","RCYZ","/en-za/products/magnetic-separation-equipment/rcyz-type-vertical-pipeline-permanent-magnet-iron-remover/","Magnetic Separation Equipment","Magnetic filter or separator component","filter","not_applicable","Available subject to project and supplier confirmation","0","8","1","COWIN product media supplied through the main-site product record","Gravity-fed bulk-material streams | Pipeline or chute installations subject to connection confirmation | Powder, granule or processed-material contamination control | Industrial process lines where cleaning access can be provided","Material type, particle size and flow condition | Opening, pipe connection or installation envelope | Flow rate, pressure, temperature and material properties where applicable | Expected contamination and required cleaning interval | Access for safe cleaning and maintenance","project confirmation required","synced-main-site-public-content","/en-za/products/suspended-and-self-unloading-iron-removers/rcyz-type-vertical-pipeline-permanent-magnet-iron-remover/"
"CQZ type fully automatic online magnetic separation","CQZ","CQZ","/en-za/products/magnetic-separation-equipment/cqz-type-fully-automatic-online-magnetic-separation/","Magnetic Separation Equipment","Magnetic filter or separator component","filter","not_applicable","Available subject to project and supplier confirmation","0","8","1","COWIN product media supplied through the main-site product record","Gravity-fed bulk-material streams | Pipeline or chute installations subject to connection confirmation | Powder, granule or processed-material contamination control | Industrial process lines where cleaning access can be provided","Material type, particle size and flow condition | Opening, pipe connection or installation envelope | Flow rate, pressure, temperature and material properties where applicable | Expected contamination and required cleaning interval | Access for safe cleaning and maintenance","project confirmation required","synced-main-site-public-content",""
"CTB wet semi countercurrent magnetic separator","CTB","CTB","/en-za/products/magnetic-separation-equipment/ctb-wet-semi-countercurrent-magnetic-separator/","Magnetic Separation Equipment","Wet magnetic separator","wet_magnetic","not_applicable","Available subject to project and supplier confirmation","0","9","1","COWIN product media supplied through the main-site product record","Mineral beneficiation circuits following feed and mineral assessment | Iron-bearing mineral recovery and concentration duties | Coal-washing magnetic separation stages where applicable | Tailings or process-stream recovery reviews","Mineral type and magnetic response | Feed particle-size distribution and target separation objective | Slurry density, water conditions and available process space | Required feed rate and downstream concentrate or tailings route | Representative sample or plant test information where available","project confirmation required","synced-main-site-public-content",""
"DCX wet fully automatic magnetic separator","DCX","DCX","/en-za/products/magnetic-separation-equipment/dcx-wet-fully-automatic-magnetic-separator/","Magnetic Separation Equipment","Wet magnetic separator","wet_magnetic","not_applicable","Available subject to project and supplier confirmation","0","9","1","COWIN product media supplied through the main-site product record","Mineral beneficiation circuits following feed and mineral assessment | Iron-bearing mineral recovery and concentration duties | Coal-washing magnetic separation stages where applicable | Tailings or process-stream recovery reviews","Mineral type and magnetic response | Feed particle-size distribution and target separation objective | Slurry density, water conditions and available process space | Required feed rate and downstream concentrate or tailings route | Representative sample or plant test information where available","project confirmation required","synced-main-site-public-content",""
"DCZ type dry fully automatic magnetic separation","DCZ","DCZ","/en-za/products/magnetic-separation-equipment/dcz-type-dry-fully-automatic-magnetic-separation/","Magnetic Separation Equipment","Industrial magnetic-process auxiliary equipment","auxiliary","not_applicable","Available subject to project and supplier confirmation","0","7","1","COWIN product media supplied through the main-site product record","Mining and mineral-processing support duties | Bulk-material handling and conveyor projects | Process control or material-handling interfaces | Project-specific equipment packages","Required application duty and process position | Installation interface and available space | Material, electrical or control information where applicable | Environmental conditions and maintenance access | Project drawings or photographs where available","project confirmation required","synced-main-site-public-content",""
"GTC wet plate magnetic separator","GTC","GTC","/en-za/products/magnetic-separation-equipment/gtc-wet-plate-magnetic-separator/","Magnetic Separation Equipment","High-gradient or specialist mineral magnetic separator","dry_magnetic","not_applicable","Available subject to project and supplier confirmation","0","9","1","COWIN product media supplied through the main-site product record","Mineral beneficiation projects with a defined magnetic-separation stage | Chrome, manganese, iron-bearing or other mineral streams subject to testwork | Tailings, recovery or upgrading reviews | Process lines where feed condition and target mineral response are confirmed","Mineral composition, objective and representative sample data | Particle-size distribution and dry or slurry feed condition | Target magnetic fraction and downstream process route | Water, slurry, power and installation constraints where applicable | Laboratory, pilot or plant test information where available","project confirmation required","synced-main-site-public-content",""
"HJLH wet vertical ring high gradient magnetic separator","HJLH","HJLH","/en-za/products/magnetic-separation-equipment/hjlh-wet-vertical-ring-high-gradient-magnetic-separator/","Magnetic Separation Equipment","High-gradient or specialist mineral magnetic separator","dry_magnetic","not_applicable","Available subject to project and supplier confirmation","0","9","1","COWIN product media supplied through the main-site product record","Mineral beneficiation projects with a defined magnetic-separation stage | Chrome, manganese, iron-bearing or other mineral streams subject to testwork | Tailings, recovery or upgrading reviews | Process lines where feed condition and target mineral response are confirmed","Mineral composition, objective and representative sample data | Particle-size distribution and dry or slurry feed condition | Target magnetic fraction and downstream process route | Water, slurry, power and installation constraints where applicable | Laboratory, pilot or plant test information where available","project confirmation required","synced-main-site-public-content",""
"HJPC wet disc magnetic separation","HJPC","HJPC","/en-za/products/magnetic-separation-equipment/hjpc-wet-disc-magnetic-separation/","Magnetic Separation Equipment","High-gradient or specialist mineral magnetic separator","dry_magnetic","not_applicable","Available subject to project and supplier confirmation","0","9","1","COWIN product media supplied through the main-site product record","Mineral beneficiation projects with a defined magnetic-separation stage | Chrome, manganese, iron-bearing or other mineral streams subject to testwork | Tailings, recovery or upgrading reviews | Process lines where feed condition and target mineral response are confirmed","Mineral composition, objective and representative sample data | Particle-size distribution and dry or slurry feed condition | Target magnetic fraction and downstream process route | Water, slurry, power and installation constraints where applicable | Laboratory, pilot or plant test information where available","project confirmation required","synced-main-site-public-content",""
"CLT type magnetic desliming tank","CLT","CLT","/en-za/products/magnetic-separation-equipment/clt-type-magnetic-desliming-tank/","Magnetic Separation Equipment","High-gradient or specialist mineral magnetic separator","dry_magnetic","not_applicable","Available subject to project and supplier confirmation","0","9","1","COWIN product media supplied through the main-site product record","Mineral beneficiation projects with a defined magnetic-separation stage | Chrome, manganese, iron-bearing or other mineral streams subject to testwork | Tailings, recovery or upgrading reviews | Process lines where feed condition and target mineral response are confirmed","Mineral composition, objective and representative sample data | Particle-size distribution and dry or slurry feed condition | Target magnetic fraction and downstream process route | Water, slurry, power and installation constraints where applicable | Laboratory, pilot or plant test information where available","project confirmation required","synced-main-site-public-content",""
"CTB type semi countercurrent wet selection machine","CTB","CTB","/en-za/products/magnetic-separation-equipment/ctb-type-semi-countercurrent-wet-selection-machine/","Magnetic Separation Equipment","Wet magnetic separator","wet_magnetic","not_applicable","Available subject to project and supplier confirmation","0","9","1","COWIN product media supplied through the main-site product record","Mineral beneficiation circuits following feed and mineral assessment | Iron-bearing mineral recovery and concentration duties | Coal-washing magnetic separation stages where applicable | Tailings or process-stream recovery reviews","Mineral type and magnetic response | Feed particle-size distribution and target separation objective | Slurry density, water conditions and available process space | Required feed rate and downstream concentrate or tailings route | Representative sample or plant test information where available","project confirmation required","synced-main-site-public-content",""
"CTDG type permanent magnet bulk dry magnetic separator","CTDG","CTDG","/en-za/products/magnetic-separation-equipment/ctdg-type-permanent-magnet-bulk-dry-magnetic-separator/","Magnetic Separation Equipment","Dry magnetic separator","dry_magnetic","not_applicable","Available subject to project and supplier confirmation","0","8","1","COWIN product media supplied through the main-site product record","Dry mineral pre-concentration and beneficiation reviews | Prepared ore and bulk-material separation stages | Coal or mineral feed preparation where applicable | Recovery or cleaning stages subject to material assessment","Mineral type and magnetic response | Feed particle-size distribution and moisture | Feed rate and separation objective | Feed preparation, dust control and discharge arrangement | Representative sample or plant test information where available","project confirmation required","synced-main-site-public-content",""
"CTN type full countercurrent wet magnetic separator","CTN","CTN","/en-za/products/magnetic-separation-equipment/ctn-type-full-countercurrent-wet-magnetic-separator/","Magnetic Separation Equipment","Wet magnetic separator","wet_magnetic","not_applicable","Available subject to project and supplier confirmation","0","9","1","COWIN product media supplied through the main-site product record","Mineral beneficiation circuits following feed and mineral assessment | Iron-bearing mineral recovery and concentration duties | Coal-washing magnetic separation stages where applicable | Tailings or process-stream recovery reviews","Mineral type and magnetic response | Feed particle-size distribution and target separation objective | Slurry density, water conditions and available process space | Required feed rate and downstream concentrate or tailings route | Representative sample or plant test information where available","project confirmation required","synced-main-site-public-content",""
"CTS type downstream wet pre selection machine","CTS","CTS","/en-za/products/magnetic-separation-equipment/cts-type-downstream-wet-pre-selection-machine/","Magnetic Separation Equipment","Wet magnetic separator","wet_magnetic","not_applicable","Available subject to project and supplier confirmation","0","9","1","COWIN product media supplied through the main-site product record","Mineral beneficiation circuits following feed and mineral assessment | Iron-bearing mineral recovery and concentration duties | Coal-washing magnetic separation stages where applicable | Tailings or process-stream recovery reviews","Mineral type and magnetic response | Feed particle-size distribution and target separation objective | Slurry density, water conditions and available process space | Required feed rate and downstream concentrate or tailings route | Representative sample or plant test information where available","project confirmation required","synced-main-site-public-content",""
"CTZS type upward suction magnetic separator","CTZS type upward suction magnetic separator","To be confirmed","/en-za/products/magnetic-separation-equipment/ctzs-type-upward-suction-magnetic-separator/","Magnetic Separation Equipment","Wet magnetic separator","wet_magnetic","not_applicable","Available subject to project and supplier confirmation","0","9","1","COWIN product media supplied through the main-site product record","Mineral beneficiation circuits following feed and mineral assessment | Iron-bearing mineral recovery and concentration duties | Coal-washing magnetic separation stages where applicable | Tailings or process-stream recovery reviews","Mineral type and magnetic response | Feed particle-size distribution and target separation objective | Slurry density, water conditions and available process space | Required feed rate and downstream concentrate or tailings route | Representative sample or plant test information where available","project confirmation required","synced-main-site-public-content",""
"HCG type dry pre selection machine","HCG type dry pre selection machine","To be confirmed","/en-za/products/magnetic-separation-equipment/hcg-type-dry-pre-selection-machine/","Magnetic Separation Equipment","Dry magnetic separator","dry_magnetic","not_applicable","Available subject to project and supplier confirmation","0","8","1","COWIN product media supplied through the main-site product record","Dry mineral pre-concentration and beneficiation reviews | Prepared ore and bulk-material separation stages | Coal or mineral feed preparation where applicable | Recovery or cleaning stages subject to material assessment","Mineral type and magnetic response | Feed particle-size distribution and moisture | Feed rate and separation objective | Feed preparation, dust control and discharge arrangement | Representative sample or plant test information where available","project confirmation required","synced-main-site-public-content",""
"HJLH type vertical ring high gradient magnetic separation","HJLH","HJLH","/en-za/products/magnetic-separation-equipment/hjlh-type-vertical-ring-high-gradient-magnetic-separation/","Magnetic Separation Equipment","High-gradient or specialist mineral magnetic separator","dry_magnetic","not_applicable","Available subject to project and supplier confirmation","0","9","1","COWIN product media supplied through the main-site product record","Mineral beneficiation projects with a defined magnetic-separation stage | Chrome, manganese, iron-bearing or other mineral streams subject to testwork | Tailings, recovery or upgrading reviews | Process lines where feed condition and target mineral response are confirmed","Mineral composition, objective and representative sample data | Particle-size distribution and dry or slurry feed condition | Target magnetic fraction and downstream process route | Water, slurry, power and installation constraints where applicable | Laboratory, pilot or plant test information where available","project confirmation required","synced-main-site-public-content",""
"LJK type magnetic ore special iron remover","LJK","LJK","/en-za/products/magnetic-separation-equipment/ljk-type-magnetic-ore-special-iron-remover/","Magnetic Separation Equipment","High-gradient or specialist mineral magnetic separator","dry_magnetic","not_applicable","Available subject to project and supplier confirmation","0","9","1","COWIN product media supplied through the main-site product record","Mineral beneficiation projects with a defined magnetic-separation stage | Chrome, manganese, iron-bearing or other mineral streams subject to testwork | Tailings, recovery or upgrading reviews | Process lines where feed condition and target mineral response are confirmed","Mineral composition, objective and representative sample data | Particle-size distribution and dry or slurry feed condition | Target magnetic fraction and downstream process route | Water, slurry, power and installation constraints where applicable | Laboratory, pilot or plant test information where available","project confirmation required","synced-main-site-public-content",""
"NCT type concentrated magnetic separator","NCT","NCT","/en-za/products/magnetic-separation-equipment/nct-type-concentrated-magnetic-separator/","Magnetic Separation Equipment","High-gradient or specialist mineral magnetic separator","dry_magnetic","not_applicable","Available subject to project and supplier confirmation","0","9","1","COWIN product media supplied through the main-site product record","Mineral beneficiation projects with a defined magnetic-separation stage | Chrome, manganese, iron-bearing or other mineral streams subject to testwork | Tailings, recovery or upgrading reviews | Process lines where feed condition and target mineral response are confirmed","Mineral composition, objective and representative sample data | Particle-size distribution and dry or slurry feed condition | Target magnetic fraction and downstream process route | Water, slurry, power and installation constraints where applicable | Laboratory, pilot or plant test information where available","project confirmation required","synced-main-site-public-content",""
"WBC semi magnetic tailings recovery machine","WBC","WBC","/en-za/products/magnetic-separation-equipment/wbc-semi-magnetic-tailings-recovery-machine/","Magnetic Separation Equipment","High-gradient or specialist mineral magnetic separator","dry_magnetic","not_applicable","Available subject to project and supplier confirmation","0","9","1","COWIN product media supplied through the main-site product record","Mineral beneficiation projects with a defined magnetic-separation stage | Chrome, manganese, iron-bearing or other mineral streams subject to testwork | Tailings, recovery or upgrading reviews | Process lines where feed condition and target mineral response are confirmed","Mineral composition, objective and representative sample data | Particle-size distribution and dry or slurry feed condition | Target magnetic fraction and downstream process route | Water, slurry, power and installation constraints where applicable | Laboratory, pilot or plant test information where available","project confirmation required","synced-main-site-public-content",""
"CTN type specialized magnetic separator for coal washing","CTN","CTN","/en-za/products/magnetic-separation-equipment/ctn-type-specialized-magnetic-separator-for-coal-washing/","Magnetic Separation Equipment","Wet magnetic separator","wet_magnetic","not_applicable","Available subject to project and supplier confirmation","0","9","1","COWIN product media supplied through the main-site product record","Mineral beneficiation circuits following feed and mineral assessment | Iron-bearing mineral recovery and concentration duties | Coal-washing magnetic separation stages where applicable | Tailings or process-stream recovery reviews","Mineral type and magnetic response | Feed particle-size distribution and target separation objective | Slurry density, water conditions and available process space | Required feed rate and downstream concentrate or tailings route | Representative sample or plant test information where available","project confirmation required","synced-main-site-public-content",""
"HMDN coal washing special magnetic separator","HMDN","HMDN","/en-za/products/magnetic-separation-equipment/hmdn-coal-washing-special-magnetic-separator/","Magnetic Separation Equipment","Industrial magnetic-process auxiliary equipment","auxiliary","not_applicable","Available subject to project and supplier confirmation","0","7","1","COWIN product media supplied through the main-site product record","Mining and mineral-processing support duties | Bulk-material handling and conveyor projects | Process control or material-handling interfaces | Project-specific equipment packages","Required application duty and process position | Installation interface and available space | Material, electrical or control information where applicable | Environmental conditions and maintenance access | Project drawings or photographs where available","project confirmation required","synced-main-site-public-content",""
"DLS type window metal detector","DLS","DLS","/en-za/products/metal-detection-and-recycling-sorting/dls-type-window-metal-detector/","Metal Detection & Recycling Sorting","Industrial metal detector","metal_detection","not_applicable","Available subject to project and supplier confirmation","0","8","1","COWIN product media supplied through the main-site product record","Crusher-feed and quarry conveyor protection | Coal and bulk-material handling lines | Mining and mineral-processing conveyors | Cement and aggregate material inspection","Detection aperture and conveyor geometry | Target metal, test-piece requirement and sensitivity objective | Material burden, particle size and conveyor speed | Alarm, stop or reject interlock requirement | Electrical supply and environmental conditions","project confirmation required","synced-main-site-public-content",""
"GJT Window Metal Detector","GJT","GJT","/en-za/products/metal-detection-and-recycling-sorting/gjt-type-window-metal-detector/","Metal Detection & Recycling Sorting","Industrial metal detector","metal_detection","not_applicable","Available subject to project and supplier confirmation","0","8","1","COWIN product media supplied through the main-site product record","Crusher-feed and quarry conveyor protection | Coal and bulk-material handling lines | Mining and mineral-processing conveyors | Cement and aggregate material inspection","Detection aperture and conveyor geometry | Target metal, test-piece requirement and sensitivity objective | Material burden, particle size and conveyor speed | Alarm, stop or reject interlock requirement | Electrical supply and environmental conditions","project confirmation required","synced-main-site-public-content",""
"HECP eddy current metal sorting machine","HECP","HECP","/en-za/products/metal-detection-and-recycling-sorting/hecp-eddy-current-metal-sorting-machine/","Metal Detection & Recycling Sorting","Eddy-current separator","eddy_current","not_applicable","Available subject to project and supplier confirmation","0","9","1","COWIN product media supplied through the main-site product record","Recycling and material-recovery facilities | Prepared MRF and RDF streams | Non-ferrous recovery stages after suitable feed preparation | Industrial scrap sorting subject to feed assessment","Target non-ferrous metals and feed contamination | Feed particle-size range and material presentation | Required throughput and upstream ferrous removal stage | Belt width, splitter arrangement and discharge space | Power, dust control and maintenance access","project confirmation required","synced-main-site-public-content",""
"HECS type eddy current metal sorting machine","HECS","HECS","/en-za/products/metal-detection-and-recycling-sorting/hecs-type-eddy-current-metal-sorting-machine/","Metal Detection & Recycling Sorting","Eddy-current separator","eddy_current","not_applicable","Available subject to project and supplier confirmation","0","9","1","COWIN product media supplied through the main-site product record","Recycling and material-recovery facilities | Prepared MRF and RDF streams | Non-ferrous recovery stages after suitable feed preparation | Industrial scrap sorting subject to feed assessment","Target non-ferrous metals and feed contamination | Feed particle-size range and material presentation | Required throughput and upstream ferrous removal stage | Belt width, splitter arrangement and discharge space | Power, dust control and maintenance access","project confirmation required","synced-main-site-public-content",""
"Drum Magnet","Drum Magnet","To be confirmed","/en-za/products/metal-detection-and-recycling-sorting/drum-magnet/","Metal Detection & Recycling Sorting","Industrial magnetic-process auxiliary equipment","auxiliary","not_applicable","Available subject to project and supplier confirmation","0","7","1","COWIN product media supplied through the main-site product record","Mining and mineral-processing support duties | Bulk-material handling and conveyor projects | Process control or material-handling interfaces | Project-specific equipment packages","Required application duty and process position | Installation interface and available space | Material, electrical or control information where applicable | Environmental conditions and maintenance access | Project drawings or photographs where available","project confirmation required","synced-main-site-public-content","/en-za/products/magnetic-separation-equipment/drum-magnet/"
"Eccentric Eddy Current Separator","Eccentric Eddy Current Separator","To be confirmed","/en-za/products/metal-detection-and-recycling-sorting/eccentric-eddy-current-separator/","Metal Detection & Recycling Sorting","Eddy-current separator","eddy_current","not_applicable","Available subject to project and supplier confirmation","0","9","1","COWIN product media supplied through the main-site product record","Recycling and material-recovery facilities | Prepared MRF and RDF streams | Non-ferrous recovery stages after suitable feed preparation | Industrial scrap sorting subject to feed assessment","Target non-ferrous metals and feed contamination | Feed particle-size range and material presentation | Required throughput and upstream ferrous removal stage | Belt width, splitter arrangement and discharge space | Power, dust control and maintenance access","project confirmation required","synced-main-site-public-content","/en-za/products/eddy-current-separator/"
"Electromagnet Separator","Electromagnet Separator","To be confirmed","/en-za/products/metal-detection-and-recycling-sorting/electromagnet-separator/","Metal Detection & Recycling Sorting","Industrial magnetic-process auxiliary equipment","auxiliary","not_applicable","Available subject to project and supplier confirmation","0","7","1","COWIN product media supplied through the main-site product record","Mining and mineral-processing support duties | Bulk-material handling and conveyor projects | Process control or material-handling interfaces | Project-specific equipment packages","Required application duty and process position | Installation interface and available space | Material, electrical or control information where applicable | Environmental conditions and maintenance access | Project drawings or photographs where available","project confirmation required","synced-main-site-public-content","/en-za/products/suspended-and-self-unloading-iron-removers/electromagnet-separator/"
"Magnetic Head Pulley","Magnetic Head Pulley","To be confirmed","/en-za/products/metal-detection-and-recycling-sorting/magnetic-head-pulley/","Metal Detection & Recycling Sorting","Industrial magnetic-process auxiliary equipment","auxiliary","not_applicable","Available subject to project and supplier confirmation","0","7","1","COWIN product media supplied through the main-site product record","Mining and mineral-processing support duties | Bulk-material handling and conveyor projects | Process control or material-handling interfaces | Project-specific equipment packages","Required application duty and process position | Installation interface and available space | Material, electrical or control information where applicable | Environmental conditions and maintenance access | Project drawings or photographs where available","project confirmation required","synced-main-site-public-content","/en-za/products/magnetic-separation-equipment/magnetic-head-pulley/ | /en-za/products/magnetic-head-pulley/"
"Stainless Steel Separation Conveyor","Stainless Steel Separation Conveyor","To be confirmed","/en-za/products/metal-detection-and-recycling-sorting/stainless-steel-separation-conveyor/","Metal Detection & Recycling Sorting","Industrial magnetic-process auxiliary equipment","auxiliary","not_applicable","Available subject to project and supplier confirmation","0","7","1","COWIN product media supplied through the main-site product record","Mining and mineral-processing support duties | Bulk-material handling and conveyor projects | Process control or material-handling interfaces | Project-specific equipment packages","Required application duty and process position | Installation interface and available space | Material, electrical or control information where applicable | Environmental conditions and maintenance access | Project drawings or photographs where available","project confirmation required","synced-main-site-public-content",""
"CBS drawer type magnetic filter","CBS drawer type magnetic filter","To be confirmed","/en-za/products/magnetic-components-and-filters/cbs-drawer-type-magnetic-filter/","Magnetic Components & Filters","Magnetic filter or separator component","filter","not_applicable","Available subject to project and supplier confirmation","0","8","1","COWIN product media supplied through the main-site product record","Gravity-fed bulk-material streams | Pipeline or chute installations subject to connection confirmation | Powder, granule or processed-material contamination control | Industrial process lines where cleaning access can be provided","Material type, particle size and flow condition | Opening, pipe connection or installation envelope | Flow rate, pressure, temperature and material properties where applicable | Expected contamination and required cleaning interval | Access for safe cleaning and maintenance","project confirmation required","synced-main-site-public-content",""
"CLC type wet slot magnetic filter","CLC","CLC","/en-za/products/magnetic-components-and-filters/clc-type-wet-slot-magnetic-filter/","Magnetic Components & Filters","Magnetic filter or separator component","filter","not_applicable","Available subject to project and supplier confirmation","0","8","1","COWIN product media supplied through the main-site product record","Gravity-fed bulk-material streams | Pipeline or chute installations subject to connection confirmation | Powder, granule or processed-material contamination control | Industrial process lines where cleaning access can be provided","Material type, particle size and flow condition | Opening, pipe connection or installation envelope | Flow rate, pressure, temperature and material properties where applicable | Expected contamination and required cleaning interval | Access for safe cleaning and maintenance","project confirmation required","synced-main-site-public-content",""
"CTQ type roller automatic magnetic separator","CTQ type roller automatic magnetic separator","To be confirmed","/en-za/products/magnetic-components-and-filters/ctq-type-roller-automatic-magnetic-separator/","Magnetic Components & Filters","Dry magnetic separator","dry_magnetic","not_applicable","Available subject to project and supplier confirmation","0","8","1","COWIN product media supplied through the main-site product record","Dry mineral pre-concentration and beneficiation reviews | Prepared ore and bulk-material separation stages | Coal or mineral feed preparation where applicable | Recovery or cleaning stages subject to material assessment","Mineral type and magnetic response | Feed particle-size distribution and moisture | Feed rate and separation objective | Feed preparation, dust control and discharge arrangement | Representative sample or plant test information where available","project confirmation required","synced-main-site-public-content","/en-za/products/magnetic-separation-equipment/ctq-type-roller-automatic-magnetic-separator/"
"CYG wet pipeline magnetic filter","CYG","CYG","/en-za/products/magnetic-components-and-filters/cyg-wet-pipeline-magnetic-filter/","Magnetic Components & Filters","Magnetic filter or separator component","filter","not_applicable","Available subject to project and supplier confirmation","0","8","1","COWIN product media supplied through the main-site product record","Gravity-fed bulk-material streams | Pipeline or chute installations subject to connection confirmation | Powder, granule or processed-material contamination control | Industrial process lines where cleaning access can be provided","Material type, particle size and flow condition | Opening, pipe connection or installation envelope | Flow rate, pressure, temperature and material properties where applicable | Expected contamination and required cleaning interval | Access for safe cleaning and maintenance","project confirmation required","synced-main-site-public-content",""
"RCYZ type pipeline magnetic filter","RCYZ","RCYZ","/en-za/products/magnetic-components-and-filters/rcyz-type-pipeline-magnetic-filter/","Magnetic Components & Filters","Magnetic filter or separator component","filter","not_applicable","Available subject to project and supplier confirmation","0","8","1","COWIN product media supplied through the main-site product record","Gravity-fed bulk-material streams | Pipeline or chute installations subject to connection confirmation | Powder, granule or processed-material contamination control | Industrial process lines where cleaning access can be provided","Material type, particle size and flow condition | Opening, pipe connection or installation envelope | Flow rate, pressure, temperature and material properties where applicable | Expected contamination and required cleaning interval | Access for safe cleaning and maintenance","project confirmation required","synced-main-site-public-content",""
"CLC type slot magnetic filter","CLC","CLC","/en-za/products/magnetic-components-and-filters/clc-type-slot-magnetic-filter/","Magnetic Components & Filters","Magnetic filter or separator component","filter","not_applicable","Available subject to project and supplier confirmation","0","8","1","COWIN product media supplied through the main-site product record","Gravity-fed bulk-material streams | Pipeline or chute installations subject to connection confirmation | Powder, granule or processed-material contamination control | Industrial process lines where cleaning access can be provided","Material type, particle size and flow condition | Opening, pipe connection or installation envelope | Flow rate, pressure, temperature and material properties where applicable | Expected contamination and required cleaning interval | Access for safe cleaning and maintenance","project confirmation required","synced-main-site-public-content",""
"DHD type roller type automatic magnetic separator","DHD type roller type automatic magnetic separator","To be confirmed","/en-za/products/magnetic-components-and-filters/dhd-type-roller-type-automatic-magnetic-separator/","Magnetic Components & Filters","Dry magnetic separator","dry_magnetic","not_applicable","Available subject to project and supplier confirmation","0","8","1","COWIN product media supplied through the main-site product record","Dry mineral pre-concentration and beneficiation reviews | Prepared ore and bulk-material separation stages | Coal or mineral feed preparation where applicable | Recovery or cleaning stages subject to material assessment","Mineral type and magnetic response | Feed particle-size distribution and moisture | Feed rate and separation objective | Feed preparation, dust control and discharge arrangement | Representative sample or plant test information where available","project confirmation required","synced-main-site-public-content","/en-za/products/magnetic-separation-equipment/dhd-type-roller-type-automatic-magnetic-separator/"
"DHJ type strong roller automatic magnetic separator","DHJ type strong roller automatic magnetic separator","To be confirmed","/en-za/products/magnetic-components-and-filters/dhj-type-strong-roller-automatic-magnetic-separator/","Magnetic Components & Filters","Dry magnetic separator","dry_magnetic","not_applicable","Available subject to project and supplier confirmation","0","8","1","COWIN product media supplied through the main-site product record","Dry mineral pre-concentration and beneficiation reviews | Prepared ore and bulk-material separation stages | Coal or mineral feed preparation where applicable | Recovery or cleaning stages subject to material assessment","Mineral type and magnetic response | Feed particle-size distribution and moisture | Feed rate and separation objective | Feed preparation, dust control and discharge arrangement | Representative sample or plant test information where available","project confirmation required","synced-main-site-public-content","/en-za/products/magnetic-separation-equipment/dhj-type-strong-roller-automatic-magnetic-separator/"
"QCG wet roller magnetic separator","QCG wet roller magnetic separator","To be confirmed","/en-za/products/magnetic-components-and-filters/qcg-wet-roller-magnetic-separator/","Magnetic Components & Filters","Industrial magnetic-process auxiliary equipment","auxiliary","not_applicable","Available subject to project and supplier confirmation","0","7","1","COWIN product media supplied through the main-site product record","Mining and mineral-processing support duties | Bulk-material handling and conveyor projects | Process control or material-handling interfaces | Project-specific equipment packages","Required application duty and process position | Installation interface and available space | Material, electrical or control information where applicable | Environmental conditions and maintenance access | Project drawings or photographs where available","project confirmation required","synced-main-site-public-content","/en-za/products/magnetic-separation-equipment/qcg-wet-roller-magnetic-separator/"
"Drawer Magnet","Drawer Magnet","To be confirmed","/en-za/products/magnetic-components-and-filters/drawer-magnet/","Magnetic Components & Filters","Magnetic filter or separator component","filter","not_applicable","Available subject to project and supplier confirmation","0","8","1","COWIN product media supplied through the main-site product record","Gravity-fed bulk-material streams | Pipeline or chute installations subject to connection confirmation | Powder, granule or processed-material contamination control | Industrial process lines where cleaning access can be provided","Material type, particle size and flow condition | Opening, pipe connection or installation envelope | Flow rate, pressure, temperature and material properties where applicable | Expected contamination and required cleaning interval | Access for safe cleaning and maintenance","project confirmation required","synced-main-site-public-content",""
"Hump Magnet","Hump Magnet","To be confirmed","/en-za/products/magnetic-components-and-filters/hump-magnet/","Magnetic Components & Filters","Magnetic filter or separator component","filter","not_applicable","Available subject to project and supplier confirmation","0","8","1","COWIN product media supplied through the main-site product record","Gravity-fed bulk-material streams | Pipeline or chute installations subject to connection confirmation | Powder, granule or processed-material contamination control | Industrial process lines where cleaning access can be provided","Material type, particle size and flow condition | Opening, pipe connection or installation envelope | Flow rate, pressure, temperature and material properties where applicable | Expected contamination and required cleaning interval | Access for safe cleaning and maintenance","project confirmation required","synced-main-site-public-content",""
"Magnetic Grid","Magnetic Grid","To be confirmed","/en-za/products/magnetic-components-and-filters/magnetic-grid/","Magnetic Components & Filters","Magnetic filter or separator component","filter","not_applicable","Available subject to project and supplier confirmation","0","8","1","COWIN product media supplied through the main-site product record","Gravity-fed bulk-material streams | Pipeline or chute installations subject to connection confirmation | Powder, granule or processed-material contamination control | Industrial process lines where cleaning access can be provided","Material type, particle size and flow condition | Opening, pipe connection or installation envelope | Flow rate, pressure, temperature and material properties where applicable | Expected contamination and required cleaning interval | Access for safe cleaning and maintenance","project confirmation required","synced-main-site-public-content",""
"Magnetic Rod","Magnetic Rod","To be confirmed","/en-za/products/magnetic-components-and-filters/magnetic-rod/","Magnetic Components & Filters","Magnetic filter or separator component","filter","not_applicable","Available subject to project and supplier confirmation","0","8","1","COWIN product media supplied through the main-site product record","Gravity-fed bulk-material streams | Pipeline or chute installations subject to connection confirmation | Powder, granule or processed-material contamination control | Industrial process lines where cleaning access can be provided","Material type, particle size and flow condition | Opening, pipe connection or installation envelope | Flow rate, pressure, temperature and material properties where applicable | Expected contamination and required cleaning interval | Access for safe cleaning and maintenance","project confirmation required","synced-main-site-public-content",""
"Magnetic Trap","Magnetic Trap","To be confirmed","/en-za/products/magnetic-components-and-filters/magnetic-trap/","Magnetic Components & Filters","Magnetic filter or separator component","filter","not_applicable","Available subject to project and supplier confirmation","0","8","1","COWIN product media supplied through the main-site product record","Gravity-fed bulk-material streams | Pipeline or chute installations subject to connection confirmation | Powder, granule or processed-material contamination control | Industrial process lines where cleaning access can be provided","Material type, particle size and flow condition | Opening, pipe connection or installation envelope | Flow rate, pressure, temperature and material properties where applicable | Expected contamination and required cleaning interval | Access for safe cleaning and maintenance","project confirmation required","synced-main-site-public-content",""
"Rotary Pipe Magnet","Rotary Pipe Magnet","To be confirmed","/en-za/products/magnetic-components-and-filters/rotary-pipe-magnet/","Magnetic Components & Filters","Magnetic filter or separator component","filter","not_applicable","Available subject to project and supplier confirmation","0","8","1","COWIN product media supplied through the main-site product record","Gravity-fed bulk-material streams | Pipeline or chute installations subject to connection confirmation | Powder, granule or processed-material contamination control | Industrial process lines where cleaning access can be provided","Material type, particle size and flow condition | Opening, pipe connection or installation envelope | Flow rate, pressure, temperature and material properties where applicable | Expected contamination and required cleaning interval | Access for safe cleaning and maintenance","project confirmation required","synced-main-site-public-content",""
"Strong 6000-16000 Gauss Iron Absorbing Permanent Filter Bar Magnetic Neodymium Rod","Strong 6000-16000 Gauss Iron Absorbing Permanent Filter Bar Magnetic Neodymium Rod","To be confirmed","/en-za/products/magnetic-components-and-filters/permanent-filter-bar-magnetic-neodymium-rod/","Magnetic Components & Filters","Magnetic filter or separator component","filter","not_applicable","Available subject to project and supplier confirmation","0","8","1","COWIN product media supplied through the main-site product record","Gravity-fed bulk-material streams | Pipeline or chute installations subject to connection confirmation | Powder, granule or processed-material contamination control | Industrial process lines where cleaning access can be provided","Material type, particle size and flow condition | Opening, pipe connection or installation envelope | Flow rate, pressure, temperature and material properties where applicable | Expected contamination and required cleaning interval | Access for safe cleaning and maintenance","project confirmation required","synced-main-site-public-content",""
"High Frequency Screen","High Frequency Screen","To be confirmed","/en-za/products/industry-application-equipment/high-frequency-screen/","Industry Application Equipment","Industrial magnetic-process auxiliary equipment","auxiliary","not_applicable","Available subject to project and supplier confirmation","0","7","1","COWIN product media supplied through the main-site product record","Mining and mineral-processing support duties | Bulk-material handling and conveyor projects | Process control or material-handling interfaces | Project-specific equipment packages","Required application duty and process position | Installation interface and available space | Material, electrical or control information where applicable | Environmental conditions and maintenance access | Project drawings or photographs where available","project confirmation required","synced-main-site-public-content","/en-za/products/magnetic-separation-equipment/high-frequency-screen/"
"KGLA series rectifier control box","KGLA","KGLA","/en-za/products/industry-application-equipment/kgla-series-rectifier-control-box/","Industry Application Equipment","Industrial magnetic-process auxiliary equipment","auxiliary","not_applicable","Available subject to project and supplier confirmation","0","7","1","COWIN product media supplied through the main-site product record","Mining and mineral-processing support duties | Bulk-material handling and conveyor projects | Process control or material-handling interfaces | Project-specific equipment packages","Required application duty and process position | Installation interface and available space | Material, electrical or control information where applicable | Environmental conditions and maintenance access | Project drawings or photographs where available","project confirmation required","synced-main-site-public-content","/en-za/products/suspended-and-self-unloading-iron-removers/kgla-series-rectifier-control-box/"
"KXB mining explosion-proof electromagnetic iron remover control box","KXB","KXB","/en-za/products/industry-application-equipment/kxb-mining-explosion-proof-electromagnetic-iron-remover-control-box/","Industry Application Equipment","Industrial magnetic-process auxiliary equipment","auxiliary","not_applicable","Available subject to project and supplier confirmation","0","7","1","COWIN product media supplied through the main-site product record","Mining and mineral-processing support duties | Bulk-material handling and conveyor projects | Process control or material-handling interfaces | Project-specific equipment packages","Required application duty and process position | Installation interface and available space | Material, electrical or control information where applicable | Environmental conditions and maintenance access | Project drawings or photographs where available","project confirmation required","synced-main-site-public-content","/en-za/products/suspended-and-self-unloading-iron-removers/kxb-mining-explosion-proof-electromagnetic-iron-remover-control-box/"
"QJZ mining explosion-proof permanent magnet iron remover control box","QJZ","QJZ","/en-za/products/industry-application-equipment/qjz-mining-explosion-proof-permanent-magnet-iron-remover-control-box/","Industry Application Equipment","Industrial magnetic-process auxiliary equipment","auxiliary","not_applicable","Available subject to project and supplier confirmation","0","7","1","COWIN product media supplied through the main-site product record","Mining and mineral-processing support duties | Bulk-material handling and conveyor projects | Process control or material-handling interfaces | Project-specific equipment packages","Required application duty and process position | Installation interface and available space | Material, electrical or control information where applicable | Environmental conditions and maintenance access | Project drawings or photographs where available","project confirmation required","synced-main-site-public-content","/en-za/products/suspended-and-self-unloading-iron-removers/qjz-mining-explosion-proof-permanent-magnet-iron-remover-control-box/"
"RBCDB explosion-proof disc type electromagnetic iron remover","RBCDB","RBCDB","/en-za/products/industry-application-equipment/rbcdb-explosion-proof-disc-type-electromagnetic-iron-remover/","Industry Application Equipment","Electromagnetic suspended separator","electromagnetic","manual","Available subject to project and supplier confirmation","0","9","1","COWIN product media supplied through the main-site product record","Mining and mineral-processing conveyor lines | Coal handling and washing plants | Quarry and cement conveyor protection | Bulk-material transfer points","Conveyor belt width, speed, burden depth and suspension height | Expected tramp iron profile and process duty | Site voltage, frequency, phases and protection requirements | Cooling clearance, dust control and maintenance access | Installation structure and safe manual-cleaning arrangement","project confirmation required","synced-main-site-public-content","/en-za/products/suspended-and-self-unloading-iron-removers/rbcdb-explosion-proof-disc-type-electromagnetic-iron-remover/"
"RBCDD explosion-proof electromagnetic self dumping iron remover","RBCDD","RBCDD","/en-za/products/industry-application-equipment/rbcdd-explosion-proof-electromagnetic-self-dumping-iron-remover/","Industry Application Equipment","Permanent self-cleaning iron remover","permanent","self_cleaning","Available subject to project and supplier confirmation","0","11","1","COWIN product media supplied through the main-site product record","Mining and mineral-processing conveyor lines | Coal handling and washing plants | Aggregate and cement conveyor protection | Ports and bulk-material handling","Conveyor belt width, speed and material burden depth | Suspension height, installation direction and discharge side | Expected tramp iron size, frequency and duty cycle | Space for the discharge belt, guards and maintenance | Dust, corrosion, temperature and outdoor exposure","project confirmation required","synced-main-site-public-content","/en-za/products/suspended-and-self-unloading-iron-removers/rbcdd-explosion-proof-electromagnetic-self-dumping-iron-remover/"
"RBCYD explosion-proof permanent magnet self dumping iron remover","RBCYD","RBCYD","/en-za/products/industry-application-equipment/rbcyd-explosion-proof-permanent-magnet-self-dumping-iron-remover/","Industry Application Equipment","Permanent self-cleaning iron remover","permanent","self_cleaning","Available subject to project and supplier confirmation","0","11","1","COWIN product media supplied through the main-site product record","Mining and mineral-processing conveyor lines | Coal handling and washing plants | Aggregate and cement conveyor protection | Ports and bulk-material handling","Conveyor belt width, speed and material burden depth | Suspension height, installation direction and discharge side | Expected tramp iron size, frequency and duty cycle | Space for the discharge belt, guards and maintenance | Dust, corrosion, temperature and outdoor exposure","project confirmation required","synced-main-site-public-content","/en-za/products/suspended-and-self-unloading-iron-removers/rbcyd-explosion-proof-permanent-magnet-self-dumping-iron-remover/"
