fromUrl,toUrl,relationship,status
"/en-za/products/magnetic-separation-equipment/belt-high-gradient-magnetic-separator/","/en-za/industries/mining-and-mineral-processing/","product-to-industry","generated from product truth card"
"/en-za/products/magnetic-separation-equipment/belt-high-gradient-magnetic-separator/","/en-za/industries/coal-handling-and-washing/","product-to-industry","generated from product truth card"
"/en-za/products/magnetic-separation-equipment/belt-high-gradient-magnetic-separator/","/en-za/industries/aggregates-quarries-and-cement/","product-to-industry","generated from product truth card"
"/en-za/products/magnetic-separation-equipment/belt-high-gradient-magnetic-separator/","/en-za/solutions/tramp-iron-removal/","product-to-solution","generated from product truth card"
"/en-za/products/magnetic-separation-equipment/belt-high-gradient-magnetic-separator/","/en-za/solutions/conveyor-protection/","product-to-solution","generated from product truth card"
"/en-za/products/magnetic-components-and-filters/cbs-drawer-type-magnetic-filter/","/en-za/industries/recycling-and-material-recovery/","product-to-industry","generated from product truth card"
"/en-za/products/magnetic-components-and-filters/cbs-drawer-type-magnetic-filter/","/en-za/industries/mining-and-mineral-processing/","product-to-industry","generated from product truth card"
"/en-za/products/magnetic-components-and-filters/cbs-drawer-type-magnetic-filter/","/en-za/industries/food-processing/","product-to-industry","generated from product truth card"
"/en-za/products/magnetic-components-and-filters/cbs-drawer-type-magnetic-filter/","/en-za/solutions/tramp-iron-removal/","product-to-solution","generated from product truth card"
"/en-za/products/magnetic-separation-equipment/cbz-type-rotary-automatic-magnetic-separator/","/en-za/industries/mining-and-mineral-processing/","product-to-industry","generated from product truth card"
"/en-za/products/magnetic-separation-equipment/cbz-type-rotary-automatic-magnetic-separator/","/en-za/industries/coal-handling-and-washing/","product-to-industry","generated from product truth card"
"/en-za/products/magnetic-separation-equipment/cbz-type-rotary-automatic-magnetic-separator/","/en-za/industries/aggregates-quarries-and-cement/","product-to-industry","generated from product truth card"
"/en-za/products/magnetic-separation-equipment/cbz-type-rotary-automatic-magnetic-separator/","/en-za/solutions/tramp-iron-removal/","product-to-solution","generated from product truth card"
"/en-za/products/magnetic-separation-equipment/cbz-type-rotary-automatic-magnetic-separator/","/en-za/solutions/conveyor-protection/","product-to-solution","generated from product truth card"
"/en-za/products/magnetic-separation-equipment/cgb-type-rotary-semi-automatic-magnetic-separator/","/en-za/industries/recycling-and-material-recovery/","product-to-industry","generated from product truth card"
"/en-za/products/magnetic-separation-equipment/cgb-type-rotary-semi-automatic-magnetic-separator/","/en-za/industries/mining-and-mineral-processing/","product-to-industry","generated from product truth card"
"/en-za/products/magnetic-separation-equipment/cgb-type-rotary-semi-automatic-magnetic-separator/","/en-za/industries/food-processing/","product-to-industry","generated from product truth card"
"/en-za/products/magnetic-separation-equipment/cgb-type-rotary-semi-automatic-magnetic-separator/","/en-za/solutions/tramp-iron-removal/","product-to-solution","generated from product truth card"
"/en-za/products/magnetic-separation-equipment/cgt-type-super-strong-full-magnetic-drum/","/en-za/industries/mining-and-mineral-processing/","product-to-industry","generated from product truth card"
"/en-za/products/magnetic-separation-equipment/cgt-type-super-strong-full-magnetic-drum/","/en-za/industries/coal-handling-and-washing/","product-to-industry","generated from product truth card"
"/en-za/products/magnetic-separation-equipment/cgt-type-super-strong-full-magnetic-drum/","/en-za/solutions/ferrous-metal-recovery/","product-to-solution","generated from product truth card"
"/en-za/products/magnetic-components-and-filters/clc-type-slot-magnetic-filter/","/en-za/industries/recycling-and-material-recovery/","product-to-industry","generated from product truth card"
"/en-za/products/magnetic-components-and-filters/clc-type-slot-magnetic-filter/","/en-za/industries/mining-and-mineral-processing/","product-to-industry","generated from product truth card"
"/en-za/products/magnetic-components-and-filters/clc-type-slot-magnetic-filter/","/en-za/industries/food-processing/","product-to-industry","generated from product truth card"
"/en-za/products/magnetic-components-and-filters/clc-type-slot-magnetic-filter/","/en-za/solutions/tramp-iron-removal/","product-to-solution","generated from product truth card"
"/en-za/products/magnetic-components-and-filters/clc-type-wet-slot-magnetic-filter/","/en-za/industries/recycling-and-material-recovery/","product-to-industry","generated from product truth card"
"/en-za/products/magnetic-components-and-filters/clc-type-wet-slot-magnetic-filter/","/en-za/industries/mining-and-mineral-processing/","product-to-industry","generated from product truth card"
"/en-za/products/magnetic-components-and-filters/clc-type-wet-slot-magnetic-filter/","/en-za/industries/food-processing/","product-to-industry","generated from product truth card"
"/en-za/products/magnetic-components-and-filters/clc-type-wet-slot-magnetic-filter/","/en-za/solutions/tramp-iron-removal/","product-to-solution","generated from product truth card"
"/en-za/products/magnetic-separation-equipment/clt-type-magnetic-desliming-tank/","/en-za/industries/mining-and-mineral-processing/","product-to-industry","generated from product truth card"
"/en-za/products/magnetic-separation-equipment/clt-type-magnetic-desliming-tank/","/en-za/industries/coal-handling-and-washing/","product-to-industry","generated from product truth card"
"/en-za/products/magnetic-separation-equipment/clt-type-magnetic-desliming-tank/","/en-za/industries/aggregates-quarries-and-cement/","product-to-industry","generated from product truth card"
"/en-za/products/magnetic-separation-equipment/clt-type-magnetic-desliming-tank/","/en-za/solutions/tramp-iron-removal/","product-to-solution","generated from product truth card"
"/en-za/products/magnetic-separation-equipment/clt-type-magnetic-desliming-tank/","/en-za/solutions/conveyor-protection/","product-to-solution","generated from product truth card"
"/en-za/products/magnetic-separation-equipment/cqz-type-fully-automatic-online-magnetic-separation/","/en-za/industries/recycling-and-material-recovery/","product-to-industry","generated from product truth card"
"/en-za/products/magnetic-separation-equipment/cqz-type-fully-automatic-online-magnetic-separation/","/en-za/industries/mining-and-mineral-processing/","product-to-industry","generated from product truth card"
"/en-za/products/magnetic-separation-equipment/cqz-type-fully-automatic-online-magnetic-separation/","/en-za/industries/food-processing/","product-to-industry","generated from product truth card"
"/en-za/products/magnetic-separation-equipment/cqz-type-fully-automatic-online-magnetic-separation/","/en-za/solutions/tramp-iron-removal/","product-to-solution","generated from product truth card"
"/en-za/products/magnetic-separation-equipment/cqz-type-fully-automatic-online-magnetic-separator/","/en-za/industries/recycling-and-material-recovery/","product-to-industry","generated from product truth card"
"/en-za/products/magnetic-separation-equipment/cqz-type-fully-automatic-online-magnetic-separator/","/en-za/industries/mining-and-mineral-processing/","product-to-industry","generated from product truth card"
"/en-za/products/magnetic-separation-equipment/cqz-type-fully-automatic-online-magnetic-separator/","/en-za/industries/food-processing/","product-to-industry","generated from product truth card"
"/en-za/products/magnetic-separation-equipment/cqz-type-fully-automatic-online-magnetic-separator/","/en-za/solutions/tramp-iron-removal/","product-to-solution","generated from product truth card"
"/en-za/products/magnetic-separation-equipment/ctb-type-semi-countercurrent-wet-selection-machine/","/en-za/industries/mining-and-mineral-processing/","product-to-industry","generated from product truth card"
"/en-za/products/magnetic-separation-equipment/ctb-type-semi-countercurrent-wet-selection-machine/","/en-za/industries/coal-handling-and-washing/","product-to-industry","generated from product truth card"
"/en-za/products/magnetic-separation-equipment/ctb-type-semi-countercurrent-wet-selection-machine/","/en-za/solutions/ferrous-metal-recovery/","product-to-solution","generated from product truth card"
"/en-za/products/magnetic-separation-equipment/ctb-wet-semi-countercurrent-magnetic-separator/","/en-za/industries/mining-and-mineral-processing/","product-to-industry","generated from product truth card"
"/en-za/products/magnetic-separation-equipment/ctb-wet-semi-countercurrent-magnetic-separator/","/en-za/industries/coal-handling-and-washing/","product-to-industry","generated from product truth card"
"/en-za/products/magnetic-separation-equipment/ctb-wet-semi-countercurrent-magnetic-separator/","/en-za/solutions/ferrous-metal-recovery/","product-to-solution","generated from product truth card"
"/en-za/products/magnetic-separation-equipment/ctdg-type-permanent-magnet-bulk-dry-magnetic-separator/","/en-za/industries/mining-and-mineral-processing/","product-to-industry","generated from product truth card"
"/en-za/products/magnetic-separation-equipment/ctdg-type-permanent-magnet-bulk-dry-magnetic-separator/","/en-za/industries/coal-handling-and-washing/","product-to-industry","generated from product truth card"
"/en-za/products/magnetic-separation-equipment/ctdg-type-permanent-magnet-bulk-dry-magnetic-separator/","/en-za/solutions/ferrous-metal-recovery/","product-to-solution","generated from product truth card"
"/en-za/products/magnetic-separation-equipment/ctn-type-full-countercurrent-wet-magnetic-separator/","/en-za/industries/mining-and-mineral-processing/","product-to-industry","generated from product truth card"
"/en-za/products/magnetic-separation-equipment/ctn-type-full-countercurrent-wet-magnetic-separator/","/en-za/industries/coal-handling-and-washing/","product-to-industry","generated from product truth card"
"/en-za/products/magnetic-separation-equipment/ctn-type-full-countercurrent-wet-magnetic-separator/","/en-za/solutions/ferrous-metal-recovery/","product-to-solution","generated from product truth card"
"/en-za/products/magnetic-separation-equipment/ctn-type-specialized-magnetic-separator-for-coal-washing/","/en-za/industries/mining-and-mineral-processing/","product-to-industry","generated from product truth card"
"/en-za/products/magnetic-separation-equipment/ctn-type-specialized-magnetic-separator-for-coal-washing/","/en-za/industries/coal-handling-and-washing/","product-to-industry","generated from product truth card"
"/en-za/products/magnetic-separation-equipment/ctn-type-specialized-magnetic-separator-for-coal-washing/","/en-za/solutions/ferrous-metal-recovery/","product-to-solution","generated from product truth card"
"/en-za/products/magnetic-separation-equipment/ctn-wet-full-countercurrent-magnetic-separator/","/en-za/industries/mining-and-mineral-processing/","product-to-industry","generated from product truth card"
"/en-za/products/magnetic-separation-equipment/ctn-wet-full-countercurrent-magnetic-separator/","/en-za/industries/coal-handling-and-washing/","product-to-industry","generated from product truth card"
"/en-za/products/magnetic-separation-equipment/ctn-wet-full-countercurrent-magnetic-separator/","/en-za/solutions/ferrous-metal-recovery/","product-to-solution","generated from product truth card"
"/en-za/products/magnetic-separation-equipment/ctq-type-roller-automatic-magnetic-separator/","/en-za/industries/mining-and-mineral-processing/","product-to-industry","generated from product truth card"
"/en-za/products/magnetic-separation-equipment/ctq-type-roller-automatic-magnetic-separator/","/en-za/industries/coal-handling-and-washing/","product-to-industry","generated from product truth card"
"/en-za/products/magnetic-separation-equipment/ctq-type-roller-automatic-magnetic-separator/","/en-za/solutions/ferrous-metal-recovery/","product-to-solution","generated from product truth card"
"/en-za/products/magnetic-separation-equipment/cts-type-downstream-wet-pre-selection-machine/","/en-za/industries/mining-and-mineral-processing/","product-to-industry","generated from product truth card"
"/en-za/products/magnetic-separation-equipment/cts-type-downstream-wet-pre-selection-machine/","/en-za/industries/coal-handling-and-washing/","product-to-industry","generated from product truth card"
"/en-za/products/magnetic-separation-equipment/cts-type-downstream-wet-pre-selection-machine/","/en-za/solutions/ferrous-metal-recovery/","product-to-solution","generated from product truth card"
"/en-za/products/magnetic-separation-equipment/cts-type-wet-co-current-magnetic-separator/","/en-za/industries/mining-and-mineral-processing/","product-to-industry","generated from product truth card"
"/en-za/products/magnetic-separation-equipment/cts-type-wet-co-current-magnetic-separator/","/en-za/industries/coal-handling-and-washing/","product-to-industry","generated from product truth card"
"/en-za/products/magnetic-separation-equipment/cts-type-wet-co-current-magnetic-separator/","/en-za/solutions/ferrous-metal-recovery/","product-to-solution","generated from product truth card"
"/en-za/products/magnetic-separation-equipment/ctzs-type-upward-suction-magnetic-separator/","/en-za/industries/mining-and-mineral-processing/","product-to-industry","generated from product truth card"
"/en-za/products/magnetic-separation-equipment/ctzs-type-upward-suction-magnetic-separator/","/en-za/industries/coal-handling-and-washing/","product-to-industry","generated from product truth card"
"/en-za/products/magnetic-separation-equipment/ctzs-type-upward-suction-magnetic-separator/","/en-za/solutions/ferrous-metal-recovery/","product-to-solution","generated from product truth card"
"/en-za/products/magnetic-separation-equipment/ctz-type-midfield-strong-semi-magnetic-drum/","/en-za/industries/mining-and-mineral-processing/","product-to-industry","generated from product truth card"
"/en-za/products/magnetic-separation-equipment/ctz-type-midfield-strong-semi-magnetic-drum/","/en-za/industries/coal-handling-and-washing/","product-to-industry","generated from product truth card"
"/en-za/products/magnetic-separation-equipment/ctz-type-midfield-strong-semi-magnetic-drum/","/en-za/solutions/ferrous-metal-recovery/","product-to-solution","generated from product truth card"
"/en-za/products/magnetic-separation-equipment/cxj-drum-type-automatic-magnetic-separator/","/en-za/industries/recycling-and-material-recovery/","product-to-industry","generated from product truth card"
"/en-za/products/magnetic-separation-equipment/cxj-drum-type-automatic-magnetic-separator/","/en-za/industries/mining-and-mineral-processing/","product-to-industry","generated from product truth card"
"/en-za/products/magnetic-separation-equipment/cxj-drum-type-automatic-magnetic-separator/","/en-za/industries/food-processing/","product-to-industry","generated from product truth card"
"/en-za/products/magnetic-separation-equipment/cxj-drum-type-automatic-magnetic-separator/","/en-za/solutions/tramp-iron-removal/","product-to-solution","generated from product truth card"
"/en-za/products/magnetic-components-and-filters/cyg-wet-pipeline-magnetic-filter/","/en-za/industries/recycling-and-material-recovery/","product-to-industry","generated from product truth card"
"/en-za/products/magnetic-components-and-filters/cyg-wet-pipeline-magnetic-filter/","/en-za/industries/mining-and-mineral-processing/","product-to-industry","generated from product truth card"
"/en-za/products/magnetic-components-and-filters/cyg-wet-pipeline-magnetic-filter/","/en-za/industries/food-processing/","product-to-industry","generated from product truth card"
"/en-za/products/magnetic-components-and-filters/cyg-wet-pipeline-magnetic-filter/","/en-za/solutions/tramp-iron-removal/","product-to-solution","generated from product truth card"
"/en-za/products/magnetic-separation-equipment/dcx-wet-fully-automatic-magnetic-separator/","/en-za/industries/mining-and-mineral-processing/","product-to-industry","generated from product truth card"
"/en-za/products/magnetic-separation-equipment/dcx-wet-fully-automatic-magnetic-separator/","/en-za/industries/coal-handling-and-washing/","product-to-industry","generated from product truth card"
"/en-za/products/magnetic-separation-equipment/dcx-wet-fully-automatic-magnetic-separator/","/en-za/solutions/ferrous-metal-recovery/","product-to-solution","generated from product truth card"
"/en-za/products/magnetic-separation-equipment/dcz-type-dry-fully-automatic-magnetic-separation/","/en-za/industries/mining-and-mineral-processing/","product-to-industry","generated from product truth card"
"/en-za/products/magnetic-separation-equipment/dcz-type-dry-fully-automatic-magnetic-separation/","/en-za/industries/coal-handling-and-washing/","product-to-industry","generated from product truth card"
"/en-za/products/magnetic-separation-equipment/dcz-type-dry-fully-automatic-magnetic-separation/","/en-za/industries/aggregates-quarries-and-cement/","product-to-industry","generated from product truth card"
"/en-za/products/magnetic-separation-equipment/dcz-type-dry-fully-automatic-magnetic-separation/","/en-za/solutions/tramp-iron-removal/","product-to-solution","generated from product truth card"
"/en-za/products/magnetic-separation-equipment/dcz-type-dry-fully-automatic-magnetic-separation/","/en-za/solutions/conveyor-protection/","product-to-solution","generated from product truth card"
"/en-za/products/magnetic-separation-equipment/dcz-type-dry-fully-automatic-magnetic-separator/","/en-za/industries/mining-and-mineral-processing/","product-to-industry","generated from product truth card"
"/en-za/products/magnetic-separation-equipment/dcz-type-dry-fully-automatic-magnetic-separator/","/en-za/industries/coal-handling-and-washing/","product-to-industry","generated from product truth card"
"/en-za/products/magnetic-separation-equipment/dcz-type-dry-fully-automatic-magnetic-separator/","/en-za/industries/aggregates-quarries-and-cement/","product-to-industry","generated from product truth card"
"/en-za/products/magnetic-separation-equipment/dcz-type-dry-fully-automatic-magnetic-separator/","/en-za/solutions/tramp-iron-removal/","product-to-solution","generated from product truth card"
"/en-za/products/magnetic-separation-equipment/dcz-type-dry-fully-automatic-magnetic-separator/","/en-za/solutions/conveyor-protection/","product-to-solution","generated from product truth card"
"/en-za/products/magnetic-separation-equipment/dhd-type-roller-type-automatic-magnetic-separator/","/en-za/industries/mining-and-mineral-processing/","product-to-industry","generated from product truth card"
"/en-za/products/magnetic-separation-equipment/dhd-type-roller-type-automatic-magnetic-separator/","/en-za/industries/coal-handling-and-washing/","product-to-industry","generated from product truth card"
"/en-za/products/magnetic-separation-equipment/dhd-type-roller-type-automatic-magnetic-separator/","/en-za/solutions/ferrous-metal-recovery/","product-to-solution","generated from product truth card"
"/en-za/products/magnetic-separation-equipment/dhj-type-strong-roller-automatic-magnetic-separator/","/en-za/industries/mining-and-mineral-processing/","product-to-industry","generated from product truth card"
"/en-za/products/magnetic-separation-equipment/dhj-type-strong-roller-automatic-magnetic-separator/","/en-za/industries/coal-handling-and-washing/","product-to-industry","generated from product truth card"
"/en-za/products/magnetic-separation-equipment/dhj-type-strong-roller-automatic-magnetic-separator/","/en-za/solutions/ferrous-metal-recovery/","product-to-solution","generated from product truth card"
"/en-za/products/magnetic-separation-equipment/disc-magnetic-separator-for-tailing/","/en-za/industries/mining-and-mineral-processing/","product-to-industry","generated from product truth card"
"/en-za/products/magnetic-separation-equipment/disc-magnetic-separator-for-tailing/","/en-za/industries/coal-handling-and-washing/","product-to-industry","generated from product truth card"
"/en-za/products/magnetic-separation-equipment/disc-magnetic-separator-for-tailing/","/en-za/industries/aggregates-quarries-and-cement/","product-to-industry","generated from product truth card"
"/en-za/products/magnetic-separation-equipment/disc-magnetic-separator-for-tailing/","/en-za/solutions/tramp-iron-removal/","product-to-solution","generated from product truth card"
"/en-za/products/magnetic-separation-equipment/disc-magnetic-separator-for-tailing/","/en-za/solutions/conveyor-protection/","product-to-solution","generated from product truth card"
"/en-za/products/metal-detection-and-recycling-sorting/dls-type-window-metal-detector/","/en-za/industries/aggregates-quarries-and-cement/","product-to-industry","generated from product truth card"
"/en-za/products/metal-detection-and-recycling-sorting/dls-type-window-metal-detector/","/en-za/industries/coal-handling-and-washing/","product-to-industry","generated from product truth card"
"/en-za/products/metal-detection-and-recycling-sorting/dls-type-window-metal-detector/","/en-za/industries/mining-and-mineral-processing/","product-to-industry","generated from product truth card"
"/en-za/products/metal-detection-and-recycling-sorting/dls-type-window-metal-detector/","/en-za/solutions/crusher-protection/","product-to-solution","generated from product truth card"
"/en-za/products/metal-detection-and-recycling-sorting/dls-type-window-metal-detector/","/en-za/solutions/conveyor-protection/","product-to-solution","generated from product truth card"
"/en-za/products/magnetic-components-and-filters/drawer-magnet/","/en-za/industries/recycling-and-material-recovery/","product-to-industry","generated from product truth card"
"/en-za/products/magnetic-components-and-filters/drawer-magnet/","/en-za/industries/mining-and-mineral-processing/","product-to-industry","generated from product truth card"
"/en-za/products/magnetic-components-and-filters/drawer-magnet/","/en-za/industries/food-processing/","product-to-industry","generated from product truth card"
"/en-za/products/magnetic-components-and-filters/drawer-magnet/","/en-za/solutions/tramp-iron-removal/","product-to-solution","generated from product truth card"
"/en-za/products/magnetic-separation-equipment/drum-magnet/","/en-za/industries/mining-and-mineral-processing/","product-to-industry","generated from product truth card"
"/en-za/products/magnetic-separation-equipment/drum-magnet/","/en-za/industries/coal-handling-and-washing/","product-to-industry","generated from product truth card"
"/en-za/products/magnetic-separation-equipment/drum-magnet/","/en-za/industries/aggregates-quarries-and-cement/","product-to-industry","generated from product truth card"
"/en-za/products/magnetic-separation-equipment/drum-magnet/","/en-za/solutions/tramp-iron-removal/","product-to-solution","generated from product truth card"
"/en-za/products/magnetic-separation-equipment/drum-magnet/","/en-za/solutions/conveyor-protection/","product-to-solution","generated from product truth card"
"/en-za/products/magnetic-separation-equipment/dry-drum-magnetic-separator/","/en-za/industries/mining-and-mineral-processing/","product-to-industry","generated from product truth card"
"/en-za/products/magnetic-separation-equipment/dry-drum-magnetic-separator/","/en-za/industries/coal-handling-and-washing/","product-to-industry","generated from product truth card"
"/en-za/products/magnetic-separation-equipment/dry-drum-magnetic-separator/","/en-za/solutions/ferrous-metal-recovery/","product-to-solution","generated from product truth card"
"/en-za/products/metal-detection-and-recycling-sorting/eccentric-eddy-current-separator/","/en-za/industries/recycling-and-material-recovery/","product-to-industry","generated from product truth card"
"/en-za/products/metal-detection-and-recycling-sorting/eccentric-eddy-current-separator/","/en-za/industries/mining-and-mineral-processing/","product-to-industry","generated from product truth card"
"/en-za/products/metal-detection-and-recycling-sorting/eccentric-eddy-current-separator/","/en-za/solutions/non-ferrous-metal-recovery/","product-to-solution","generated from product truth card"
"/en-za/products/suspended-and-self-unloading-iron-removers/electromagnet-separator/","/en-za/industries/mining-and-mineral-processing/","product-to-industry","generated from product truth card"
"/en-za/products/suspended-and-self-unloading-iron-removers/electromagnet-separator/","/en-za/industries/coal-handling-and-washing/","product-to-industry","generated from product truth card"
"/en-za/products/suspended-and-self-unloading-iron-removers/electromagnet-separator/","/en-za/industries/aggregates-quarries-and-cement/","product-to-industry","generated from product truth card"
"/en-za/products/suspended-and-self-unloading-iron-removers/electromagnet-separator/","/en-za/solutions/tramp-iron-removal/","product-to-solution","generated from product truth card"
"/en-za/products/suspended-and-self-unloading-iron-removers/electromagnet-separator/","/en-za/solutions/conveyor-protection/","product-to-solution","generated from product truth card"
"/en-za/products/metal-detection-and-recycling-sorting/gjt-type-window-metal-detector/","/en-za/industries/aggregates-quarries-and-cement/","product-to-industry","generated from product truth card"
"/en-za/products/metal-detection-and-recycling-sorting/gjt-type-window-metal-detector/","/en-za/industries/coal-handling-and-washing/","product-to-industry","generated from product truth card"
"/en-za/products/metal-detection-and-recycling-sorting/gjt-type-window-metal-detector/","/en-za/industries/mining-and-mineral-processing/","product-to-industry","generated from product truth card"
"/en-za/products/metal-detection-and-recycling-sorting/gjt-type-window-metal-detector/","/en-za/solutions/crusher-protection/","product-to-solution","generated from product truth card"
"/en-za/products/metal-detection-and-recycling-sorting/gjt-type-window-metal-detector/","/en-za/solutions/conveyor-protection/","product-to-solution","generated from product truth card"
"/en-za/products/magnetic-separation-equipment/gls-type-integral-channel-metal-separator/","/en-za/industries/aggregates-quarries-and-cement/","product-to-industry","generated from product truth card"
"/en-za/products/magnetic-separation-equipment/gls-type-integral-channel-metal-separator/","/en-za/industries/coal-handling-and-washing/","product-to-industry","generated from product truth card"
"/en-za/products/magnetic-separation-equipment/gls-type-integral-channel-metal-separator/","/en-za/industries/mining-and-mineral-processing/","product-to-industry","generated from product truth card"
"/en-za/products/magnetic-separation-equipment/gls-type-integral-channel-metal-separator/","/en-za/solutions/crusher-protection/","product-to-solution","generated from product truth card"
"/en-za/products/magnetic-separation-equipment/gls-type-integral-channel-metal-separator/","/en-za/solutions/conveyor-protection/","product-to-solution","generated from product truth card"
"/en-za/products/magnetic-separation-equipment/gtc-wet-plate-magnetic-separator/","/en-za/industries/mining-and-mineral-processing/","product-to-industry","generated from product truth card"
"/en-za/products/magnetic-separation-equipment/gtc-wet-plate-magnetic-separator/","/en-za/industries/coal-handling-and-washing/","product-to-industry","generated from product truth card"
"/en-za/products/magnetic-separation-equipment/gtc-wet-plate-magnetic-separator/","/en-za/industries/aggregates-quarries-and-cement/","product-to-industry","generated from product truth card"
"/en-za/products/magnetic-separation-equipment/gtc-wet-plate-magnetic-separator/","/en-za/solutions/tramp-iron-removal/","product-to-solution","generated from product truth card"
"/en-za/products/magnetic-separation-equipment/gtc-wet-plate-magnetic-separator/","/en-za/solutions/conveyor-protection/","product-to-solution","generated from product truth card"
"/en-za/products/magnetic-separation-equipment/hcg-type-dry-pre-selection-machine/","/en-za/industries/mining-and-mineral-processing/","product-to-industry","generated from product truth card"
"/en-za/products/magnetic-separation-equipment/hcg-type-dry-pre-selection-machine/","/en-za/industries/coal-handling-and-washing/","product-to-industry","generated from product truth card"
"/en-za/products/magnetic-separation-equipment/hcg-type-dry-pre-selection-machine/","/en-za/solutions/ferrous-metal-recovery/","product-to-solution","generated from product truth card"
"/en-za/products/metal-detection-and-recycling-sorting/hecp-eddy-current-metal-sorting-machine/","/en-za/industries/recycling-and-material-recovery/","product-to-industry","generated from product truth card"
"/en-za/products/metal-detection-and-recycling-sorting/hecp-eddy-current-metal-sorting-machine/","/en-za/industries/mining-and-mineral-processing/","product-to-industry","generated from product truth card"
"/en-za/products/metal-detection-and-recycling-sorting/hecp-eddy-current-metal-sorting-machine/","/en-za/solutions/non-ferrous-metal-recovery/","product-to-solution","generated from product truth card"
"/en-za/products/metal-detection-and-recycling-sorting/hecs-type-eddy-current-metal-sorting-machine/","/en-za/industries/recycling-and-material-recovery/","product-to-industry","generated from product truth card"
"/en-za/products/metal-detection-and-recycling-sorting/hecs-type-eddy-current-metal-sorting-machine/","/en-za/industries/mining-and-mineral-processing/","product-to-industry","generated from product truth card"
"/en-za/products/metal-detection-and-recycling-sorting/hecs-type-eddy-current-metal-sorting-machine/","/en-za/solutions/non-ferrous-metal-recovery/","product-to-solution","generated from product truth card"
"/en-za/products/magnetic-separation-equipment/high-frequency-screen/","/en-za/industries/mining-and-mineral-processing/","product-to-industry","generated from product truth card"
"/en-za/products/magnetic-separation-equipment/high-frequency-screen/","/en-za/industries/coal-handling-and-washing/","product-to-industry","generated from product truth card"
"/en-za/products/magnetic-separation-equipment/high-frequency-screen/","/en-za/industries/aggregates-quarries-and-cement/","product-to-industry","generated from product truth card"
"/en-za/products/magnetic-separation-equipment/high-frequency-screen/","/en-za/solutions/tramp-iron-removal/","product-to-solution","generated from product truth card"
"/en-za/products/magnetic-separation-equipment/high-frequency-screen/","/en-za/solutions/conveyor-protection/","product-to-solution","generated from product truth card"
"/en-za/products/magnetic-separation-equipment/hjlh-type-vertical-ring-high-gradient-magnetic-separation/","/en-za/industries/mining-and-mineral-processing/","product-to-industry","generated from product truth card"
"/en-za/products/magnetic-separation-equipment/hjlh-type-vertical-ring-high-gradient-magnetic-separation/","/en-za/industries/coal-handling-and-washing/","product-to-industry","generated from product truth card"
"/en-za/products/magnetic-separation-equipment/hjlh-type-vertical-ring-high-gradient-magnetic-separation/","/en-za/industries/aggregates-quarries-and-cement/","product-to-industry","generated from product truth card"
"/en-za/products/magnetic-separation-equipment/hjlh-type-vertical-ring-high-gradient-magnetic-separation/","/en-za/solutions/tramp-iron-removal/","product-to-solution","generated from product truth card"
"/en-za/products/magnetic-separation-equipment/hjlh-type-vertical-ring-high-gradient-magnetic-separation/","/en-za/solutions/conveyor-protection/","product-to-solution","generated from product truth card"
"/en-za/products/magnetic-separation-equipment/hjlh-wet-vertical-ring-high-gradient-magnetic-separator/","/en-za/industries/mining-and-mineral-processing/","product-to-industry","generated from product truth card"
"/en-za/products/magnetic-separation-equipment/hjlh-wet-vertical-ring-high-gradient-magnetic-separator/","/en-za/industries/coal-handling-and-washing/","product-to-industry","generated from product truth card"
"/en-za/products/magnetic-separation-equipment/hjlh-wet-vertical-ring-high-gradient-magnetic-separator/","/en-za/industries/aggregates-quarries-and-cement/","product-to-industry","generated from product truth card"
"/en-za/products/magnetic-separation-equipment/hjlh-wet-vertical-ring-high-gradient-magnetic-separator/","/en-za/solutions/tramp-iron-removal/","product-to-solution","generated from product truth card"
"/en-za/products/magnetic-separation-equipment/hjlh-wet-vertical-ring-high-gradient-magnetic-separator/","/en-za/solutions/conveyor-protection/","product-to-solution","generated from product truth card"
"/en-za/products/magnetic-separation-equipment/hjpc-wet-disc-magnetic-separation/","/en-za/industries/mining-and-mineral-processing/","product-to-industry","generated from product truth card"
"/en-za/products/magnetic-separation-equipment/hjpc-wet-disc-magnetic-separation/","/en-za/industries/coal-handling-and-washing/","product-to-industry","generated from product truth card"
"/en-za/products/magnetic-separation-equipment/hjpc-wet-disc-magnetic-separation/","/en-za/industries/aggregates-quarries-and-cement/","product-to-industry","generated from product truth card"
"/en-za/products/magnetic-separation-equipment/hjpc-wet-disc-magnetic-separation/","/en-za/solutions/tramp-iron-removal/","product-to-solution","generated from product truth card"
"/en-za/products/magnetic-separation-equipment/hjpc-wet-disc-magnetic-separation/","/en-za/solutions/conveyor-protection/","product-to-solution","generated from product truth card"
"/en-za/products/magnetic-separation-equipment/hmdn-coal-washing-special-magnetic-separator/","/en-za/industries/mining-and-mineral-processing/","product-to-industry","generated from product truth card"
"/en-za/products/magnetic-separation-equipment/hmdn-coal-washing-special-magnetic-separator/","/en-za/industries/coal-handling-and-washing/","product-to-industry","generated from product truth card"
"/en-za/products/magnetic-separation-equipment/hmdn-coal-washing-special-magnetic-separator/","/en-za/industries/aggregates-quarries-and-cement/","product-to-industry","generated from product truth card"
"/en-za/products/magnetic-separation-equipment/hmdn-coal-washing-special-magnetic-separator/","/en-za/solutions/tramp-iron-removal/","product-to-solution","generated from product truth card"
"/en-za/products/magnetic-separation-equipment/hmdn-coal-washing-special-magnetic-separator/","/en-za/solutions/conveyor-protection/","product-to-solution","generated from product truth card"
"/en-za/products/magnetic-components-and-filters/hump-magnet/","/en-za/industries/recycling-and-material-recovery/","product-to-industry","generated from product truth card"
"/en-za/products/magnetic-components-and-filters/hump-magnet/","/en-za/industries/mining-and-mineral-processing/","product-to-industry","generated from product truth card"
"/en-za/products/magnetic-components-and-filters/hump-magnet/","/en-za/industries/food-processing/","product-to-industry","generated from product truth card"
"/en-za/products/magnetic-components-and-filters/hump-magnet/","/en-za/solutions/tramp-iron-removal/","product-to-solution","generated from product truth card"
"/en-za/products/suspended-and-self-unloading-iron-removers/kgla-series-rectifier-control-box/","/en-za/industries/mining-and-mineral-processing/","product-to-industry","generated from product truth card"
"/en-za/products/suspended-and-self-unloading-iron-removers/kgla-series-rectifier-control-box/","/en-za/industries/coal-handling-and-washing/","product-to-industry","generated from product truth card"
"/en-za/products/suspended-and-self-unloading-iron-removers/kgla-series-rectifier-control-box/","/en-za/industries/aggregates-quarries-and-cement/","product-to-industry","generated from product truth card"
"/en-za/products/suspended-and-self-unloading-iron-removers/kgla-series-rectifier-control-box/","/en-za/solutions/tramp-iron-removal/","product-to-solution","generated from product truth card"
"/en-za/products/suspended-and-self-unloading-iron-removers/kgla-series-rectifier-control-box/","/en-za/solutions/conveyor-protection/","product-to-solution","generated from product truth card"
"/en-za/products/suspended-and-self-unloading-iron-removers/kxb-mining-explosion-proof-electromagnetic-iron-remover-control-box/","/en-za/industries/mining-and-mineral-processing/","product-to-industry","generated from product truth card"
"/en-za/products/suspended-and-self-unloading-iron-removers/kxb-mining-explosion-proof-electromagnetic-iron-remover-control-box/","/en-za/industries/coal-handling-and-washing/","product-to-industry","generated from product truth card"
"/en-za/products/suspended-and-self-unloading-iron-removers/kxb-mining-explosion-proof-electromagnetic-iron-remover-control-box/","/en-za/industries/aggregates-quarries-and-cement/","product-to-industry","generated from product truth card"
"/en-za/products/suspended-and-self-unloading-iron-removers/kxb-mining-explosion-proof-electromagnetic-iron-remover-control-box/","/en-za/solutions/tramp-iron-removal/","product-to-solution","generated from product truth card"
"/en-za/products/suspended-and-self-unloading-iron-removers/kxb-mining-explosion-proof-electromagnetic-iron-remover-control-box/","/en-za/solutions/conveyor-protection/","product-to-solution","generated from product truth card"
"/en-za/products/magnetic-separation-equipment/ljk-type-magnetic-ore-special-iron-remover/","/en-za/industries/mining-and-mineral-processing/","product-to-industry","generated from product truth card"
"/en-za/products/magnetic-separation-equipment/ljk-type-magnetic-ore-special-iron-remover/","/en-za/industries/coal-handling-and-washing/","product-to-industry","generated from product truth card"
"/en-za/products/magnetic-separation-equipment/ljk-type-magnetic-ore-special-iron-remover/","/en-za/industries/aggregates-quarries-and-cement/","product-to-industry","generated from product truth card"
"/en-za/products/magnetic-separation-equipment/ljk-type-magnetic-ore-special-iron-remover/","/en-za/solutions/tramp-iron-removal/","product-to-solution","generated from product truth card"
"/en-za/products/magnetic-separation-equipment/ljk-type-magnetic-ore-special-iron-remover/","/en-za/solutions/conveyor-protection/","product-to-solution","generated from product truth card"
"/en-za/products/magnetic-components-and-filters/magnetic-grid/","/en-za/industries/recycling-and-material-recovery/","product-to-industry","generated from product truth card"
"/en-za/products/magnetic-components-and-filters/magnetic-grid/","/en-za/industries/mining-and-mineral-processing/","product-to-industry","generated from product truth card"
"/en-za/products/magnetic-components-and-filters/magnetic-grid/","/en-za/industries/food-processing/","product-to-industry","generated from product truth card"
"/en-za/products/magnetic-components-and-filters/magnetic-grid/","/en-za/solutions/tramp-iron-removal/","product-to-solution","generated from product truth card"
"/en-za/products/magnetic-separation-equipment/magnetic-head-pulley/","/en-za/industries/recycling-and-material-recovery/","product-to-industry","generated from product truth card"
"/en-za/products/magnetic-separation-equipment/magnetic-head-pulley/","/en-za/industries/mining-and-mineral-processing/","product-to-industry","generated from product truth card"
"/en-za/products/magnetic-separation-equipment/magnetic-head-pulley/","/en-za/industries/coal-handling-and-washing/","product-to-industry","generated from product truth card"
"/en-za/products/magnetic-separation-equipment/magnetic-head-pulley/","/en-za/solutions/ferrous-metal-recovery/","product-to-solution","generated from product truth card"
"/en-za/products/magnetic-separation-equipment/magnetic-head-pulley/","/en-za/solutions/conveyor-protection/","product-to-solution","generated from product truth card"
"/en-za/products/magnetic-components-and-filters/magnetic-rod/","/en-za/industries/recycling-and-material-recovery/","product-to-industry","generated from product truth card"
"/en-za/products/magnetic-components-and-filters/magnetic-rod/","/en-za/industries/mining-and-mineral-processing/","product-to-industry","generated from product truth card"
"/en-za/products/magnetic-components-and-filters/magnetic-rod/","/en-za/industries/food-processing/","product-to-industry","generated from product truth card"
"/en-za/products/magnetic-components-and-filters/magnetic-rod/","/en-za/solutions/tramp-iron-removal/","product-to-solution","generated from product truth card"
"/en-za/products/magnetic-components-and-filters/magnetic-trap/","/en-za/industries/recycling-and-material-recovery/","product-to-industry","generated from product truth card"
"/en-za/products/magnetic-components-and-filters/magnetic-trap/","/en-za/industries/mining-and-mineral-processing/","product-to-industry","generated from product truth card"
"/en-za/products/magnetic-components-and-filters/magnetic-trap/","/en-za/industries/food-processing/","product-to-industry","generated from product truth card"
"/en-za/products/magnetic-components-and-filters/magnetic-trap/","/en-za/solutions/tramp-iron-removal/","product-to-solution","generated from product truth card"
"/en-za/products/magnetic-separation-equipment/nct-type-concentrated-magnetic-separator/","/en-za/industries/mining-and-mineral-processing/","product-to-industry","generated from product truth card"
"/en-za/products/magnetic-separation-equipment/nct-type-concentrated-magnetic-separator/","/en-za/industries/coal-handling-and-washing/","product-to-industry","generated from product truth card"
"/en-za/products/magnetic-separation-equipment/nct-type-concentrated-magnetic-separator/","/en-za/industries/aggregates-quarries-and-cement/","product-to-industry","generated from product truth card"
"/en-za/products/magnetic-separation-equipment/nct-type-concentrated-magnetic-separator/","/en-za/solutions/tramp-iron-removal/","product-to-solution","generated from product truth card"
"/en-za/products/magnetic-separation-equipment/nct-type-concentrated-magnetic-separator/","/en-za/solutions/conveyor-protection/","product-to-solution","generated from product truth card"
"/en-za/products/magnetic-components-and-filters/permanent-filter-bar-magnetic-neodymium-rod/","/en-za/industries/recycling-and-material-recovery/","product-to-industry","generated from product truth card"
"/en-za/products/magnetic-components-and-filters/permanent-filter-bar-magnetic-neodymium-rod/","/en-za/industries/mining-and-mineral-processing/","product-to-industry","generated from product truth card"
"/en-za/products/magnetic-components-and-filters/permanent-filter-bar-magnetic-neodymium-rod/","/en-za/industries/food-processing/","product-to-industry","generated from product truth card"
"/en-za/products/magnetic-components-and-filters/permanent-filter-bar-magnetic-neodymium-rod/","/en-za/solutions/tramp-iron-removal/","product-to-solution","generated from product truth card"
"/en-za/products/suspended-and-self-unloading-iron-removers/permanent-overband-magnetic-separator/","/en-za/industries/mining-and-mineral-processing/","product-to-industry","generated from product truth card"
"/en-za/products/suspended-and-self-unloading-iron-removers/permanent-overband-magnetic-separator/","/en-za/industries/coal-handling-and-washing/","product-to-industry","generated from product truth card"
"/en-za/products/suspended-and-self-unloading-iron-removers/permanent-overband-magnetic-separator/","/en-za/industries/aggregates-quarries-and-cement/","product-to-industry","generated from product truth card"
"/en-za/products/suspended-and-self-unloading-iron-removers/permanent-overband-magnetic-separator/","/en-za/solutions/tramp-iron-removal/","product-to-solution","generated from product truth card"
"/en-za/products/suspended-and-self-unloading-iron-removers/permanent-overband-magnetic-separator/","/en-za/solutions/conveyor-protection/","product-to-solution","generated from product truth card"
"/en-za/products/magnetic-separation-equipment/qcg-wet-roller-magnetic-separator/","/en-za/industries/mining-and-mineral-processing/","product-to-industry","generated from product truth card"
"/en-za/products/magnetic-separation-equipment/qcg-wet-roller-magnetic-separator/","/en-za/industries/coal-handling-and-washing/","product-to-industry","generated from product truth card"
"/en-za/products/magnetic-separation-equipment/qcg-wet-roller-magnetic-separator/","/en-za/solutions/ferrous-metal-recovery/","product-to-solution","generated from product truth card"
"/en-za/products/suspended-and-self-unloading-iron-removers/qjz-mining-explosion-proof-permanent-magnet-iron-remover-control-box/","/en-za/industries/mining-and-mineral-processing/","product-to-industry","generated from product truth card"
"/en-za/products/suspended-and-self-unloading-iron-removers/qjz-mining-explosion-proof-permanent-magnet-iron-remover-control-box/","/en-za/industries/coal-handling-and-washing/","product-to-industry","generated from product truth card"
"/en-za/products/suspended-and-self-unloading-iron-removers/qjz-mining-explosion-proof-permanent-magnet-iron-remover-control-box/","/en-za/industries/aggregates-quarries-and-cement/","product-to-industry","generated from product truth card"
"/en-za/products/suspended-and-self-unloading-iron-removers/qjz-mining-explosion-proof-permanent-magnet-iron-remover-control-box/","/en-za/solutions/tramp-iron-removal/","product-to-solution","generated from product truth card"
"/en-za/products/suspended-and-self-unloading-iron-removers/qjz-mining-explosion-proof-permanent-magnet-iron-remover-control-box/","/en-za/solutions/conveyor-protection/","product-to-solution","generated from product truth card"
"/en-za/products/suspended-and-self-unloading-iron-removers/rbcdb-explosion-proof-disc-type-electromagnetic-iron-remover/","/en-za/industries/mining-and-mineral-processing/","product-to-industry","generated from product truth card"
"/en-za/products/suspended-and-self-unloading-iron-removers/rbcdb-explosion-proof-disc-type-electromagnetic-iron-remover/","/en-za/industries/coal-handling-and-washing/","product-to-industry","generated from product truth card"
"/en-za/products/suspended-and-self-unloading-iron-removers/rbcdb-explosion-proof-disc-type-electromagnetic-iron-remover/","/en-za/industries/aggregates-quarries-and-cement/","product-to-industry","generated from product truth card"
"/en-za/products/suspended-and-self-unloading-iron-removers/rbcdb-explosion-proof-disc-type-electromagnetic-iron-remover/","/en-za/solutions/tramp-iron-removal/","product-to-solution","generated from product truth card"
"/en-za/products/suspended-and-self-unloading-iron-removers/rbcdb-explosion-proof-disc-type-electromagnetic-iron-remover/","/en-za/solutions/conveyor-protection/","product-to-solution","generated from product truth card"
"/en-za/products/suspended-and-self-unloading-iron-removers/rbcdd-explosion-proof-electromagnetic-self-dumping-iron-remover/","/en-za/industries/mining-and-mineral-processing/","product-to-industry","generated from product truth card"
"/en-za/products/suspended-and-self-unloading-iron-removers/rbcdd-explosion-proof-electromagnetic-self-dumping-iron-remover/","/en-za/industries/coal-handling-and-washing/","product-to-industry","generated from product truth card"
"/en-za/products/suspended-and-self-unloading-iron-removers/rbcdd-explosion-proof-electromagnetic-self-dumping-iron-remover/","/en-za/industries/aggregates-quarries-and-cement/","product-to-industry","generated from product truth card"
"/en-za/products/suspended-and-self-unloading-iron-removers/rbcdd-explosion-proof-electromagnetic-self-dumping-iron-remover/","/en-za/solutions/tramp-iron-removal/","product-to-solution","generated from product truth card"
"/en-za/products/suspended-and-self-unloading-iron-removers/rbcdd-explosion-proof-electromagnetic-self-dumping-iron-remover/","/en-za/solutions/conveyor-protection/","product-to-solution","generated from product truth card"
"/en-za/products/suspended-and-self-unloading-iron-removers/rbcyd-explosion-proof-permanent-magnet-self-dumping-iron-remover/","/en-za/industries/mining-and-mineral-processing/","product-to-industry","generated from product truth card"
"/en-za/products/suspended-and-self-unloading-iron-removers/rbcyd-explosion-proof-permanent-magnet-self-dumping-iron-remover/","/en-za/industries/coal-handling-and-washing/","product-to-industry","generated from product truth card"
"/en-za/products/suspended-and-self-unloading-iron-removers/rbcyd-explosion-proof-permanent-magnet-self-dumping-iron-remover/","/en-za/industries/aggregates-quarries-and-cement/","product-to-industry","generated from product truth card"
"/en-za/products/suspended-and-self-unloading-iron-removers/rbcyd-explosion-proof-permanent-magnet-self-dumping-iron-remover/","/en-za/solutions/tramp-iron-removal/","product-to-solution","generated from product truth card"
"/en-za/products/suspended-and-self-unloading-iron-removers/rbcyd-explosion-proof-permanent-magnet-self-dumping-iron-remover/","/en-za/solutions/conveyor-protection/","product-to-solution","generated from product truth card"
"/en-za/products/suspended-and-self-unloading-iron-removers/rcda-type-air-cooled-electromagnetic-iron-remover/","/en-za/industries/mining-and-mineral-processing/","product-to-industry","generated from product truth card"
"/en-za/products/suspended-and-self-unloading-iron-removers/rcda-type-air-cooled-electromagnetic-iron-remover/","/en-za/industries/coal-handling-and-washing/","product-to-industry","generated from product truth card"
"/en-za/products/suspended-and-self-unloading-iron-removers/rcda-type-air-cooled-electromagnetic-iron-remover/","/en-za/industries/aggregates-quarries-and-cement/","product-to-industry","generated from product truth card"
"/en-za/products/suspended-and-self-unloading-iron-removers/rcda-type-air-cooled-electromagnetic-iron-remover/","/en-za/solutions/tramp-iron-removal/","product-to-solution","generated from product truth card"
"/en-za/products/suspended-and-self-unloading-iron-removers/rcda-type-air-cooled-electromagnetic-iron-remover/","/en-za/solutions/conveyor-protection/","product-to-solution","generated from product truth card"
"/en-za/products/suspended-and-self-unloading-iron-removers/rcdb-type-self-cooling-plate-electromagnetic-iron-remover/","/en-za/industries/mining-and-mineral-processing/","product-to-industry","generated from product truth card"
"/en-za/products/suspended-and-self-unloading-iron-removers/rcdb-type-self-cooling-plate-electromagnetic-iron-remover/","/en-za/industries/coal-handling-and-washing/","product-to-industry","generated from product truth card"
"/en-za/products/suspended-and-self-unloading-iron-removers/rcdb-type-self-cooling-plate-electromagnetic-iron-remover/","/en-za/industries/aggregates-quarries-and-cement/","product-to-industry","generated from product truth card"
"/en-za/products/suspended-and-self-unloading-iron-removers/rcdb-type-self-cooling-plate-electromagnetic-iron-remover/","/en-za/solutions/tramp-iron-removal/","product-to-solution","generated from product truth card"
"/en-za/products/suspended-and-self-unloading-iron-removers/rcdb-type-self-cooling-plate-electromagnetic-iron-remover/","/en-za/solutions/conveyor-protection/","product-to-solution","generated from product truth card"
"/en-za/products/suspended-and-self-unloading-iron-removers/rcdc-type-air-cooled-self-dumping-electromagnetic-iron-remover/","/en-za/industries/mining-and-mineral-processing/","product-to-industry","generated from product truth card"
"/en-za/products/suspended-and-self-unloading-iron-removers/rcdc-type-air-cooled-self-dumping-electromagnetic-iron-remover/","/en-za/industries/coal-handling-and-washing/","product-to-industry","generated from product truth card"
"/en-za/products/suspended-and-self-unloading-iron-removers/rcdc-type-air-cooled-self-dumping-electromagnetic-iron-remover/","/en-za/industries/aggregates-quarries-and-cement/","product-to-industry","generated from product truth card"
"/en-za/products/suspended-and-self-unloading-iron-removers/rcdc-type-air-cooled-self-dumping-electromagnetic-iron-remover/","/en-za/solutions/tramp-iron-removal/","product-to-solution","generated from product truth card"
"/en-za/products/suspended-and-self-unloading-iron-removers/rcdc-type-air-cooled-self-dumping-electromagnetic-iron-remover/","/en-za/solutions/conveyor-protection/","product-to-solution","generated from product truth card"
"/en-za/products/suspended-and-self-unloading-iron-removers/rcdd-type-self-cooling-self-dumping-electromagnetic-iron-remover/","/en-za/industries/mining-and-mineral-processing/","product-to-industry","generated from product truth card"
"/en-za/products/suspended-and-self-unloading-iron-removers/rcdd-type-self-cooling-self-dumping-electromagnetic-iron-remover/","/en-za/industries/coal-handling-and-washing/","product-to-industry","generated from product truth card"
"/en-za/products/suspended-and-self-unloading-iron-removers/rcdd-type-self-cooling-self-dumping-electromagnetic-iron-remover/","/en-za/industries/aggregates-quarries-and-cement/","product-to-industry","generated from product truth card"
"/en-za/products/suspended-and-self-unloading-iron-removers/rcdd-type-self-cooling-self-dumping-electromagnetic-iron-remover/","/en-za/solutions/tramp-iron-removal/","product-to-solution","generated from product truth card"
"/en-za/products/suspended-and-self-unloading-iron-removers/rcdd-type-self-cooling-self-dumping-electromagnetic-iron-remover/","/en-za/solutions/conveyor-protection/","product-to-solution","generated from product truth card"
"/en-za/products/suspended-and-self-unloading-iron-removers/rcde-type-oil-cooled-electromagnetic-iron-remover/","/en-za/industries/mining-and-mineral-processing/","product-to-industry","generated from product truth card"
"/en-za/products/suspended-and-self-unloading-iron-removers/rcde-type-oil-cooled-electromagnetic-iron-remover/","/en-za/industries/coal-handling-and-washing/","product-to-industry","generated from product truth card"
"/en-za/products/suspended-and-self-unloading-iron-removers/rcde-type-oil-cooled-electromagnetic-iron-remover/","/en-za/industries/aggregates-quarries-and-cement/","product-to-industry","generated from product truth card"
"/en-za/products/suspended-and-self-unloading-iron-removers/rcde-type-oil-cooled-electromagnetic-iron-remover/","/en-za/solutions/tramp-iron-removal/","product-to-solution","generated from product truth card"
"/en-za/products/suspended-and-self-unloading-iron-removers/rcde-type-oil-cooled-electromagnetic-iron-remover/","/en-za/solutions/conveyor-protection/","product-to-solution","generated from product truth card"
"/en-za/products/suspended-and-self-unloading-iron-removers/rcdfj-type-forced-oil-circulation-self-dumping-electromagnetic-iron-remover/","/en-za/industries/mining-and-mineral-processing/","product-to-industry","generated from product truth card"
"/en-za/products/suspended-and-self-unloading-iron-removers/rcdfj-type-forced-oil-circulation-self-dumping-electromagnetic-iron-remover/","/en-za/industries/coal-handling-and-washing/","product-to-industry","generated from product truth card"
"/en-za/products/suspended-and-self-unloading-iron-removers/rcdfj-type-forced-oil-circulation-self-dumping-electromagnetic-iron-remover/","/en-za/industries/aggregates-quarries-and-cement/","product-to-industry","generated from product truth card"
"/en-za/products/suspended-and-self-unloading-iron-removers/rcdfj-type-forced-oil-circulation-self-dumping-electromagnetic-iron-remover/","/en-za/solutions/tramp-iron-removal/","product-to-solution","generated from product truth card"
"/en-za/products/suspended-and-self-unloading-iron-removers/rcdfj-type-forced-oil-circulation-self-dumping-electromagnetic-iron-remover/","/en-za/solutions/conveyor-protection/","product-to-solution","generated from product truth card"
"/en-za/products/suspended-and-self-unloading-iron-removers/rcdf-oil-cooled-self-dumping-electromagnetic-iron-remover/","/en-za/industries/mining-and-mineral-processing/","product-to-industry","generated from product truth card"
"/en-za/products/suspended-and-self-unloading-iron-removers/rcdf-oil-cooled-self-dumping-electromagnetic-iron-remover/","/en-za/industries/coal-handling-and-washing/","product-to-industry","generated from product truth card"
"/en-za/products/suspended-and-self-unloading-iron-removers/rcdf-oil-cooled-self-dumping-electromagnetic-iron-remover/","/en-za/industries/aggregates-quarries-and-cement/","product-to-industry","generated from product truth card"
"/en-za/products/suspended-and-self-unloading-iron-removers/rcdf-oil-cooled-self-dumping-electromagnetic-iron-remover/","/en-za/solutions/tramp-iron-removal/","product-to-solution","generated from product truth card"
"/en-za/products/suspended-and-self-unloading-iron-removers/rcdf-oil-cooled-self-dumping-electromagnetic-iron-remover/","/en-za/solutions/conveyor-protection/","product-to-solution","generated from product truth card"
"/en-za/products/suspended-and-self-unloading-iron-removers/rcps-self-dumping-disc-type-permanent-magnet-iron-remover/","/en-za/industries/mining-and-mineral-processing/","product-to-industry","generated from product truth card"
"/en-za/products/suspended-and-self-unloading-iron-removers/rcps-self-dumping-disc-type-permanent-magnet-iron-remover/","/en-za/industries/coal-handling-and-washing/","product-to-industry","generated from product truth card"
"/en-za/products/suspended-and-self-unloading-iron-removers/rcps-self-dumping-disc-type-permanent-magnet-iron-remover/","/en-za/industries/aggregates-quarries-and-cement/","product-to-industry","generated from product truth card"
"/en-za/products/suspended-and-self-unloading-iron-removers/rcps-self-dumping-disc-type-permanent-magnet-iron-remover/","/en-za/solutions/tramp-iron-removal/","product-to-solution","generated from product truth card"
"/en-za/products/suspended-and-self-unloading-iron-removers/rcps-self-dumping-disc-type-permanent-magnet-iron-remover/","/en-za/solutions/conveyor-protection/","product-to-solution","generated from product truth card"
"/en-za/products/magnetic-separation-equipment/rct-type-fully-magnetic-drum/","/en-za/industries/mining-and-mineral-processing/","product-to-industry","generated from product truth card"
"/en-za/products/magnetic-separation-equipment/rct-type-fully-magnetic-drum/","/en-za/industries/coal-handling-and-washing/","product-to-industry","generated from product truth card"
"/en-za/products/magnetic-separation-equipment/rct-type-fully-magnetic-drum/","/en-za/solutions/ferrous-metal-recovery/","product-to-solution","generated from product truth card"
"/en-za/products/suspended-and-self-unloading-iron-removers/rcya-type-inclined-pipeline-permanent-magnet-iron-remover/","/en-za/industries/recycling-and-material-recovery/","product-to-industry","generated from product truth card"
"/en-za/products/suspended-and-self-unloading-iron-removers/rcya-type-inclined-pipeline-permanent-magnet-iron-remover/","/en-za/industries/mining-and-mineral-processing/","product-to-industry","generated from product truth card"
"/en-za/products/suspended-and-self-unloading-iron-removers/rcya-type-inclined-pipeline-permanent-magnet-iron-remover/","/en-za/industries/food-processing/","product-to-industry","generated from product truth card"
"/en-za/products/suspended-and-self-unloading-iron-removers/rcya-type-inclined-pipeline-permanent-magnet-iron-remover/","/en-za/solutions/tramp-iron-removal/","product-to-solution","generated from product truth card"
"/en-za/products/suspended-and-self-unloading-iron-removers/rcyb-type-permanent-magnet-manual-iron-remover/","/en-za/industries/mining-and-mineral-processing/","product-to-industry","generated from product truth card"
"/en-za/products/suspended-and-self-unloading-iron-removers/rcyb-type-permanent-magnet-manual-iron-remover/","/en-za/industries/coal-handling-and-washing/","product-to-industry","generated from product truth card"
"/en-za/products/suspended-and-self-unloading-iron-removers/rcyb-type-permanent-magnet-manual-iron-remover/","/en-za/industries/aggregates-quarries-and-cement/","product-to-industry","generated from product truth card"
"/en-za/products/suspended-and-self-unloading-iron-removers/rcyb-type-permanent-magnet-manual-iron-remover/","/en-za/solutions/tramp-iron-removal/","product-to-solution","generated from product truth card"
"/en-za/products/suspended-and-self-unloading-iron-removers/rcyb-type-permanent-magnet-manual-iron-remover/","/en-za/solutions/conveyor-protection/","product-to-solution","generated from product truth card"
"/en-za/products/suspended-and-self-unloading-iron-removers/rcydii-type-permanent-magnet-self-dumping-iron-remover/","/en-za/industries/mining-and-mineral-processing/","product-to-industry","generated from product truth card"
"/en-za/products/suspended-and-self-unloading-iron-removers/rcydii-type-permanent-magnet-self-dumping-iron-remover/","/en-za/industries/coal-handling-and-washing/","product-to-industry","generated from product truth card"
"/en-za/products/suspended-and-self-unloading-iron-removers/rcydii-type-permanent-magnet-self-dumping-iron-remover/","/en-za/industries/aggregates-quarries-and-cement/","product-to-industry","generated from product truth card"
"/en-za/products/suspended-and-self-unloading-iron-removers/rcydii-type-permanent-magnet-self-dumping-iron-remover/","/en-za/solutions/tramp-iron-removal/","product-to-solution","generated from product truth card"
"/en-za/products/suspended-and-self-unloading-iron-removers/rcydii-type-permanent-magnet-self-dumping-iron-remover/","/en-za/solutions/conveyor-protection/","product-to-solution","generated from product truth card"
"/en-za/products/suspended-and-self-unloading-iron-removers/rcyd-type-permanent-magnet-self-dumping-iron-remover/","/en-za/industries/mining-and-mineral-processing/","product-to-industry","generated from product truth card"
"/en-za/products/suspended-and-self-unloading-iron-removers/rcyd-type-permanent-magnet-self-dumping-iron-remover/","/en-za/industries/coal-handling-and-washing/","product-to-industry","generated from product truth card"
"/en-za/products/suspended-and-self-unloading-iron-removers/rcyd-type-permanent-magnet-self-dumping-iron-remover/","/en-za/industries/aggregates-quarries-and-cement/","product-to-industry","generated from product truth card"
"/en-za/products/suspended-and-self-unloading-iron-removers/rcyd-type-permanent-magnet-self-dumping-iron-remover/","/en-za/solutions/tramp-iron-removal/","product-to-solution","generated from product truth card"
"/en-za/products/suspended-and-self-unloading-iron-removers/rcyd-type-permanent-magnet-self-dumping-iron-remover/","/en-za/solutions/conveyor-protection/","product-to-solution","generated from product truth card"
"/en-za/products/suspended-and-self-unloading-iron-removers/rcye-type-permanent-magnet-self-dumping-iron-remover/","/en-za/industries/mining-and-mineral-processing/","product-to-industry","generated from product truth card"
"/en-za/products/suspended-and-self-unloading-iron-removers/rcye-type-permanent-magnet-self-dumping-iron-remover/","/en-za/industries/coal-handling-and-washing/","product-to-industry","generated from product truth card"
"/en-za/products/suspended-and-self-unloading-iron-removers/rcye-type-permanent-magnet-self-dumping-iron-remover/","/en-za/industries/aggregates-quarries-and-cement/","product-to-industry","generated from product truth card"
"/en-za/products/suspended-and-self-unloading-iron-removers/rcye-type-permanent-magnet-self-dumping-iron-remover/","/en-za/solutions/tramp-iron-removal/","product-to-solution","generated from product truth card"
"/en-za/products/suspended-and-self-unloading-iron-removers/rcye-type-permanent-magnet-self-dumping-iron-remover/","/en-za/solutions/conveyor-protection/","product-to-solution","generated from product truth card"
"/en-za/products/suspended-and-self-unloading-iron-removers/rcyf-type-vertical-pipeline-permanent-magnet-iron-remover/","/en-za/industries/recycling-and-material-recovery/","product-to-industry","generated from product truth card"
"/en-za/products/suspended-and-self-unloading-iron-removers/rcyf-type-vertical-pipeline-permanent-magnet-iron-remover/","/en-za/industries/mining-and-mineral-processing/","product-to-industry","generated from product truth card"
"/en-za/products/suspended-and-self-unloading-iron-removers/rcyf-type-vertical-pipeline-permanent-magnet-iron-remover/","/en-za/industries/food-processing/","product-to-industry","generated from product truth card"
"/en-za/products/suspended-and-self-unloading-iron-removers/rcyf-type-vertical-pipeline-permanent-magnet-iron-remover/","/en-za/solutions/tramp-iron-removal/","product-to-solution","generated from product truth card"
"/en-za/products/suspended-and-self-unloading-iron-removers/rcyg-type-pipeline-self-dumping-permanent-magnet-iron-remover/","/en-za/industries/recycling-and-material-recovery/","product-to-industry","generated from product truth card"
"/en-za/products/suspended-and-self-unloading-iron-removers/rcyg-type-pipeline-self-dumping-permanent-magnet-iron-remover/","/en-za/industries/mining-and-mineral-processing/","product-to-industry","generated from product truth card"
"/en-za/products/suspended-and-self-unloading-iron-removers/rcyg-type-pipeline-self-dumping-permanent-magnet-iron-remover/","/en-za/industries/food-processing/","product-to-industry","generated from product truth card"
"/en-za/products/suspended-and-self-unloading-iron-removers/rcyg-type-pipeline-self-dumping-permanent-magnet-iron-remover/","/en-za/solutions/tramp-iron-removal/","product-to-solution","generated from product truth card"
"/en-za/products/suspended-and-self-unloading-iron-removers/rcyp-type-permanent-magnet-manual-self-dumping-iron-remover/","/en-za/industries/mining-and-mineral-processing/","product-to-industry","generated from product truth card"
"/en-za/products/suspended-and-self-unloading-iron-removers/rcyp-type-permanent-magnet-manual-self-dumping-iron-remover/","/en-za/industries/coal-handling-and-washing/","product-to-industry","generated from product truth card"
"/en-za/products/suspended-and-self-unloading-iron-removers/rcyp-type-permanent-magnet-manual-self-dumping-iron-remover/","/en-za/industries/aggregates-quarries-and-cement/","product-to-industry","generated from product truth card"
"/en-za/products/suspended-and-self-unloading-iron-removers/rcyp-type-permanent-magnet-manual-self-dumping-iron-remover/","/en-za/solutions/tramp-iron-removal/","product-to-solution","generated from product truth card"
"/en-za/products/suspended-and-self-unloading-iron-removers/rcyp-type-permanent-magnet-manual-self-dumping-iron-remover/","/en-za/solutions/conveyor-protection/","product-to-solution","generated from product truth card"
"/en-za/products/magnetic-components-and-filters/rcyz-type-pipeline-magnetic-filter/","/en-za/industries/recycling-and-material-recovery/","product-to-industry","generated from product truth card"
"/en-za/products/magnetic-components-and-filters/rcyz-type-pipeline-magnetic-filter/","/en-za/industries/mining-and-mineral-processing/","product-to-industry","generated from product truth card"
"/en-za/products/magnetic-components-and-filters/rcyz-type-pipeline-magnetic-filter/","/en-za/industries/food-processing/","product-to-industry","generated from product truth card"
"/en-za/products/magnetic-components-and-filters/rcyz-type-pipeline-magnetic-filter/","/en-za/solutions/tramp-iron-removal/","product-to-solution","generated from product truth card"
"/en-za/products/suspended-and-self-unloading-iron-removers/rcyz-type-vertical-pipeline-permanent-magnet-iron-remover/","/en-za/industries/recycling-and-material-recovery/","product-to-industry","generated from product truth card"
"/en-za/products/suspended-and-self-unloading-iron-removers/rcyz-type-vertical-pipeline-permanent-magnet-iron-remover/","/en-za/industries/mining-and-mineral-processing/","product-to-industry","generated from product truth card"
"/en-za/products/suspended-and-self-unloading-iron-removers/rcyz-type-vertical-pipeline-permanent-magnet-iron-remover/","/en-za/industries/food-processing/","product-to-industry","generated from product truth card"
"/en-za/products/suspended-and-self-unloading-iron-removers/rcyz-type-vertical-pipeline-permanent-magnet-iron-remover/","/en-za/solutions/tramp-iron-removal/","product-to-solution","generated from product truth card"
"/en-za/products/magnetic-components-and-filters/rotary-pipe-magnet/","/en-za/industries/recycling-and-material-recovery/","product-to-industry","generated from product truth card"
"/en-za/products/magnetic-components-and-filters/rotary-pipe-magnet/","/en-za/industries/mining-and-mineral-processing/","product-to-industry","generated from product truth card"
"/en-za/products/magnetic-components-and-filters/rotary-pipe-magnet/","/en-za/industries/food-processing/","product-to-industry","generated from product truth card"
"/en-za/products/magnetic-components-and-filters/rotary-pipe-magnet/","/en-za/solutions/tramp-iron-removal/","product-to-solution","generated from product truth card"
"/en-za/products/magnetic-separation-equipment/round-electromagnetic-lifting-magnet/","/en-za/industries/mining-and-mineral-processing/","product-to-industry","generated from product truth card"
"/en-za/products/magnetic-separation-equipment/round-electromagnetic-lifting-magnet/","/en-za/industries/coal-handling-and-washing/","product-to-industry","generated from product truth card"
"/en-za/products/magnetic-separation-equipment/round-electromagnetic-lifting-magnet/","/en-za/industries/aggregates-quarries-and-cement/","product-to-industry","generated from product truth card"
"/en-za/products/magnetic-separation-equipment/round-electromagnetic-lifting-magnet/","/en-za/solutions/tramp-iron-removal/","product-to-solution","generated from product truth card"
"/en-za/products/magnetic-separation-equipment/round-electromagnetic-lifting-magnet/","/en-za/solutions/conveyor-protection/","product-to-solution","generated from product truth card"
"/en-za/products/metal-detection-and-recycling-sorting/stainless-steel-separation-conveyor/","/en-za/industries/mining-and-mineral-processing/","product-to-industry","generated from product truth card"
"/en-za/products/metal-detection-and-recycling-sorting/stainless-steel-separation-conveyor/","/en-za/industries/coal-handling-and-washing/","product-to-industry","generated from product truth card"
"/en-za/products/metal-detection-and-recycling-sorting/stainless-steel-separation-conveyor/","/en-za/industries/aggregates-quarries-and-cement/","product-to-industry","generated from product truth card"
"/en-za/products/metal-detection-and-recycling-sorting/stainless-steel-separation-conveyor/","/en-za/solutions/tramp-iron-removal/","product-to-solution","generated from product truth card"
"/en-za/products/metal-detection-and-recycling-sorting/stainless-steel-separation-conveyor/","/en-za/solutions/conveyor-protection/","product-to-solution","generated from product truth card"
"/en-za/products/suspended-and-self-unloading-iron-removers/suspended-electromagnetic-conveyor-belt-separator/","/en-za/industries/mining-and-mineral-processing/","product-to-industry","generated from product truth card"
"/en-za/products/suspended-and-self-unloading-iron-removers/suspended-electromagnetic-conveyor-belt-separator/","/en-za/industries/coal-handling-and-washing/","product-to-industry","generated from product truth card"
"/en-za/products/suspended-and-self-unloading-iron-removers/suspended-electromagnetic-conveyor-belt-separator/","/en-za/industries/aggregates-quarries-and-cement/","product-to-industry","generated from product truth card"
"/en-za/products/suspended-and-self-unloading-iron-removers/suspended-electromagnetic-conveyor-belt-separator/","/en-za/solutions/tramp-iron-removal/","product-to-solution","generated from product truth card"
"/en-za/products/suspended-and-self-unloading-iron-removers/suspended-electromagnetic-conveyor-belt-separator/","/en-za/solutions/conveyor-protection/","product-to-solution","generated from product truth card"
"/en-za/products/suspended-and-self-unloading-iron-removers/suspended-permanent-magnetic-separator/","/en-za/industries/mining-and-mineral-processing/","product-to-industry","generated from product truth card"
"/en-za/products/suspended-and-self-unloading-iron-removers/suspended-permanent-magnetic-separator/","/en-za/industries/coal-handling-and-washing/","product-to-industry","generated from product truth card"
"/en-za/products/suspended-and-self-unloading-iron-removers/suspended-permanent-magnetic-separator/","/en-za/industries/aggregates-quarries-and-cement/","product-to-industry","generated from product truth card"
"/en-za/products/suspended-and-self-unloading-iron-removers/suspended-permanent-magnetic-separator/","/en-za/solutions/tramp-iron-removal/","product-to-solution","generated from product truth card"
"/en-za/products/suspended-and-self-unloading-iron-removers/suspended-permanent-magnetic-separator/","/en-za/solutions/conveyor-protection/","product-to-solution","generated from product truth card"
"/en-za/products/magnetic-separation-equipment/wbc-semi-magnetic-tailings-recovery-machine/","/en-za/industries/mining-and-mineral-processing/","product-to-industry","generated from product truth card"
"/en-za/products/magnetic-separation-equipment/wbc-semi-magnetic-tailings-recovery-machine/","/en-za/industries/coal-handling-and-washing/","product-to-industry","generated from product truth card"
"/en-za/products/magnetic-separation-equipment/wbc-semi-magnetic-tailings-recovery-machine/","/en-za/industries/aggregates-quarries-and-cement/","product-to-industry","generated from product truth card"
"/en-za/products/magnetic-separation-equipment/wbc-semi-magnetic-tailings-recovery-machine/","/en-za/solutions/tramp-iron-removal/","product-to-solution","generated from product truth card"
"/en-za/products/magnetic-separation-equipment/wbc-semi-magnetic-tailings-recovery-machine/","/en-za/solutions/conveyor-protection/","product-to-solution","generated from product truth card"
"/en-za/products/magnetic-separation-equipment/wet-drum-magnetic-separator/","/en-za/industries/mining-and-mineral-processing/","product-to-industry","generated from product truth card"
"/en-za/products/magnetic-separation-equipment/wet-drum-magnetic-separator/","/en-za/industries/coal-handling-and-washing/","product-to-industry","generated from product truth card"
"/en-za/products/magnetic-separation-equipment/wet-drum-magnetic-separator/","/en-za/solutions/ferrous-metal-recovery/","product-to-solution","generated from product truth card"
