"url","slug","h1","seriesOrModel","category","currentStatus","mainImage","parameterSource","contentMissing","duplicateRisk","needsSplit","productFamily"
"https://cowinmagnet.co.za/en-za/products/magnetic-components-and-filters/cbs-drawer-type-magnetic-filter/","cbs-drawer-type-magnetic-filter","CBS drawer type magnetic filter","cbs-drawer-type-magnetic-filter","Magnetic Components & Filters","published","/assets/images/source-products/cbs-drawer-type-magnetic-filter.jpg","https://cowinmagnet.com/en/products/cbs-drawer-type-magnetic-filter","correct product family and working principle; confirmed model/series drawing; application-specific dimensions; approved performance values; verified options and exclusions; reviewer approval","","review","magnetic-filter-or-component"
"https://cowinmagnet.co.za/en-za/products/magnetic-components-and-filters/clc-type-slot-magnetic-filter/","clc-type-slot-magnetic-filter","CLC type slot magnetic filter","clc-type-slot-magnetic-filter","Magnetic Components & Filters","published","/assets/images/source-products/clc-type-slot-magnetic-filter.jpg","https://cowinmagnet.com/en/products/clc-type-slot-magnetic-filter","correct product family and working principle; confirmed model/series drawing; application-specific dimensions; approved performance values; verified options and exclusions; reviewer approval","","review","magnetic-filter-or-component"
"https://cowinmagnet.co.za/en-za/products/magnetic-components-and-filters/clc-type-wet-slot-magnetic-filter/","clc-type-wet-slot-magnetic-filter","CLC type wet slot magnetic filter","clc-type-wet-slot-magnetic-filter","Magnetic Components & Filters","published","/assets/images/source-products/clc-type-wet-slot-magnetic-filter.jpg","https://cowinmagnet.com/en/products/clc-type-wet-slot-magnetic-filter","correct product family and working principle; confirmed model/series drawing; application-specific dimensions; approved performance values; verified options and exclusions; reviewer approval","","review","magnetic-filter-or-component"
"https://cowinmagnet.co.za/en-za/products/magnetic-components-and-filters/cyg-wet-pipeline-magnetic-filter/","cyg-wet-pipeline-magnetic-filter","CYG wet pipeline magnetic filter","cyg-wet-pipeline-magnetic-filter","Magnetic Components & Filters","published","/assets/images/source-products/cyg-wet-pipeline-magnetic-filter.jpg","https://cowinmagnet.com/en/products/cyg-wet-pipeline-magnetic-filter","correct product family and working principle; confirmed model/series drawing; application-specific dimensions; approved performance values; verified options and exclusions; reviewer approval","","review","magnetic-filter-or-component"
"https://cowinmagnet.co.za/en-za/products/magnetic-components-and-filters/drawer-magnet/","drawer-magnet","Drawer Magnet","drawer-magnet","Magnetic Components & Filters","published","/assets/images/source-products/drawer-magnet.webp","https://cowinmagnet.com/en/products/drawer-magnet","correct product family and working principle; confirmed model/series drawing; application-specific dimensions; approved performance values; verified options and exclusions; reviewer approval","","review","magnetic-filter-or-component"
"https://cowinmagnet.co.za/en-za/products/magnetic-components-and-filters/hump-magnet/","hump-magnet","Hump Magnet","hump-magnet","Magnetic Components & Filters","published","/assets/images/source-products/hump-magnet.webp","https://cowinmagnet.com/en/products/hump-magnet","correct product family and working principle; confirmed model/series drawing; application-specific dimensions; approved performance values; verified options and exclusions; reviewer approval","","review","magnetic-filter-or-component"
"https://cowinmagnet.co.za/en-za/products/magnetic-components-and-filters/magnetic-grid/","magnetic-grid","Magnetic Grid","magnetic-grid","Magnetic Components & Filters","published","/assets/images/source-products/magnetic-grid.webp","https://cowinmagnet.com/en/products/magnetic-grid","correct product family and working principle; confirmed model/series drawing; application-specific dimensions; approved performance values; verified options and exclusions; reviewer approval","","review","magnetic-filter-or-component"
"https://cowinmagnet.co.za/en-za/products/magnetic-components-and-filters/magnetic-rod/","magnetic-rod","Magnetic Rod","magnetic-rod","Magnetic Components & Filters","published","/assets/images/source-products/magnetic-rod.png","https://cowinmagnet.com/en/products/magnetic-rod","correct product family and working principle; confirmed model/series drawing; application-specific dimensions; approved performance values; verified options and exclusions; reviewer approval","","review","magnetic-filter-or-component"
"https://cowinmagnet.co.za/en-za/products/magnetic-components-and-filters/magnetic-trap/","magnetic-trap","Magnetic Trap","magnetic-trap","Magnetic Components & Filters","published","/assets/images/source-products/magnetic-trap.webp","https://cowinmagnet.com/en/products/magnetic-trap","correct product family and working principle; confirmed model/series drawing; application-specific dimensions; approved performance values; verified options and exclusions; reviewer approval","","review","magnetic-filter-or-component"
"https://cowinmagnet.co.za/en-za/products/magnetic-components-and-filters/permanent-filter-bar-magnetic-neodymium-rod/","permanent-filter-bar-magnetic-neodymium-rod","Strong 6000-16000 Gauss Iron Absorbing Permanent Filter Bar Magnetic Neodymium Rod","permanent-filter-bar-magnetic-neodymium-rod","Magnetic Components & Filters","published","/assets/images/source-products/permanent-filter-bar-magnetic-neodymium-rod.webp","https://cowinmagnet.com/en/products/permanent-filter-bar-magnetic-neodymium-rod","correct product family and working principle; confirmed model/series drawing; application-specific dimensions; approved performance values; verified options and exclusions; reviewer approval","","review","magnetic-filter-or-component"
"https://cowinmagnet.co.za/en-za/products/magnetic-components-and-filters/rcyz-type-pipeline-magnetic-filter/","rcyz-type-pipeline-magnetic-filter","RCYZ type pipeline magnetic filter","rcyz-type-pipeline-magnetic-filter","Magnetic Components & Filters","published","/assets/images/source-products/rcyz-type-pipeline-magnetic-filter.jpg","https://cowinmagnet.com/en/products/rcyz-type-pipeline-magnetic-filter","correct product family and working principle; confirmed model/series drawing; application-specific dimensions; approved performance values; verified options and exclusions; reviewer approval","","review","magnetic-filter-or-component"
"https://cowinmagnet.co.za/en-za/products/magnetic-components-and-filters/rotary-pipe-magnet/","rotary-pipe-magnet","Rotary Pipe Magnet","rotary-pipe-magnet","Magnetic Components & Filters","published","/assets/images/source-products/rotary-pipe-magnet.webp","https://cowinmagnet.com/en/products/rotary-pipe-magnet","correct product family and working principle; confirmed model/series drawing; application-specific dimensions; approved performance values; verified options and exclusions; reviewer approval","","review","magnetic-filter-or-component"
"https://cowinmagnet.co.za/en-za/products/magnetic-separation-equipment/belt-high-gradient-magnetic-separator/","belt-high-gradient-magnetic-separator","Belt High Gradient Magnetic Separator","belt-high-gradient-magnetic-separator","Magnetic Separation Equipment","published","/assets/images/source-products/belt-high-gradient-magnetic-separator.jpg","https://cowinmagnet.com/en/products/belt-high-gradient-magnetic-separator","correct product family and working principle; confirmed model/series drawing; application-specific dimensions; approved performance values; verified options and exclusions; reviewer approval","","review","unclassified-product-family"
"https://cowinmagnet.co.za/en-za/products/magnetic-separation-equipment/cbz-type-rotary-automatic-magnetic-separator/","cbz-type-rotary-automatic-magnetic-separator","CBZ type rotary automatic magnetic separator","cbz-type-rotary-automatic-magnetic-separator","Magnetic Separation Equipment","published","/assets/images/source-products/cbz-type-rotary-automatic-magnetic-separator.jpg","https://cowinmagnet.com/en/products/cbz-type-rotary-automatic-magnetic-separator","correct product family and working principle; confirmed model/series drawing; application-specific dimensions; approved performance values; verified options and exclusions; reviewer approval","","review","unclassified-product-family"
"https://cowinmagnet.co.za/en-za/products/magnetic-separation-equipment/cgb-type-rotary-semi-automatic-magnetic-separator/","cgb-type-rotary-semi-automatic-magnetic-separator","CGB type rotary semi-automatic magnetic separator","cgb-type-rotary-semi-automatic-magnetic-separator","Magnetic Separation Equipment","published","/assets/images/source-products/cgb-type-rotary-semi-automatic-magnetic-separator.jpg","https://cowinmagnet.com/en/products/cgb-type-rotary-semi-automatic-magnetic-separator","correct product family and working principle; confirmed model/series drawing; application-specific dimensions; approved performance values; verified options and exclusions; reviewer approval","","review","magnetic-filter-or-component"
"https://cowinmagnet.co.za/en-za/products/magnetic-separation-equipment/cgt-type-super-strong-full-magnetic-drum/","cgt-type-super-strong-full-magnetic-drum","CGT type super strong full magnetic drum","cgt-type-super-strong-full-magnetic-drum","Magnetic Separation Equipment","published","/assets/images/source-products/cgt-type-super-strong-full-magnetic-drum.jpg","https://cowinmagnet.com/en/products/cgt-type-super-strong-full-magnetic-drum","drum diameter and length; tank type; slurry and particle-size range; confirmed model/series drawing; application-specific dimensions; approved performance values; verified options and exclusions; reviewer approval","","review","wet-drum-or-wet-magnetic-separator"
"https://cowinmagnet.co.za/en-za/products/magnetic-separation-equipment/clt-type-magnetic-desliming-tank/","clt-type-magnetic-desliming-tank","CLT type magnetic desliming tank","clt-type-magnetic-desliming-tank","Magnetic Separation Equipment","published","/assets/images/source-products/clt-type-magnetic-desliming-tank.jpg","https://cowinmagnet.com/en/products/clt-type-magnetic-desliming-tank","correct product family and working principle; confirmed model/series drawing; application-specific dimensions; approved performance values; verified options and exclusions; reviewer approval","","review","unclassified-product-family"
"https://cowinmagnet.co.za/en-za/products/magnetic-separation-equipment/cqz-type-fully-automatic-online-magnetic-separation/","cqz-type-fully-automatic-online-magnetic-separation","CQZ type fully automatic online magnetic separation","cqz-type-fully-automatic-online-magnetic-separation","Magnetic Separation Equipment","published","/assets/images/source-products/cqz-type-fully-automatic-online-magnetic-separation.jpg","https://cowinmagnet.com/en/products/cqz-type-fully-automatic-online-magnetic-separation","correct product family and working principle; confirmed model/series drawing; application-specific dimensions; approved performance values; verified options and exclusions; reviewer approval","","review","magnetic-filter-or-component"
"https://cowinmagnet.co.za/en-za/products/magnetic-separation-equipment/cqz-type-fully-automatic-online-magnetic-separator/","cqz-type-fully-automatic-online-magnetic-separator","CQZ type fully automatic online magnetic separator","cqz-type-fully-automatic-online-magnetic-separator","Magnetic Separation Equipment","published","/assets/images/source-products/cqz-type-fully-automatic-online-magnetic-separator.jpg","https://cowinmagnet.com/en/products/cqz-type-fully-automatic-online-magnetic-separator","correct product family and working principle; confirmed model/series drawing; application-specific dimensions; approved performance values; verified options and exclusions; reviewer approval","","review","magnetic-filter-or-component"
"https://cowinmagnet.co.za/en-za/products/magnetic-separation-equipment/ctb-type-semi-countercurrent-wet-selection-machine/","ctb-type-semi-countercurrent-wet-selection-machine","CTB type semi countercurrent wet selection machine","ctb-type-semi-countercurrent-wet-selection-machine","Magnetic Separation Equipment","published","/assets/images/source-products/ctb-type-semi-countercurrent-wet-selection-machine.jpg","https://cowinmagnet.com/en/products/ctb-type-semi-countercurrent-wet-selection-machine","drum diameter and length; tank type; slurry and particle-size range; confirmed model/series drawing; application-specific dimensions; approved performance values; verified options and exclusions; reviewer approval","","review","wet-drum-or-wet-magnetic-separator"
"https://cowinmagnet.co.za/en-za/products/magnetic-separation-equipment/ctb-wet-semi-countercurrent-magnetic-separator/","ctb-wet-semi-countercurrent-magnetic-separator","CTB wet semi countercurrent magnetic separator","ctb-wet-semi-countercurrent-magnetic-separator","Magnetic Separation Equipment","published","/assets/images/source-products/ctb-wet-semi-countercurrent-magnetic-separator.jpg","https://cowinmagnet.com/en/products/ctb-wet-semi-countercurrent-magnetic-separator","drum diameter and length; tank type; slurry and particle-size range; confirmed model/series drawing; application-specific dimensions; approved performance values; verified options and exclusions; reviewer approval","","review","wet-drum-or-wet-magnetic-separator"
"https://cowinmagnet.co.za/en-za/products/magnetic-separation-equipment/ctdg-type-permanent-magnet-bulk-dry-magnetic-separator/","ctdg-type-permanent-magnet-bulk-dry-magnetic-separator","CTDG type permanent magnet bulk dry magnetic separator","ctdg-type-permanent-magnet-bulk-dry-magnetic-separator","Magnetic Separation Equipment","published","/assets/images/source-products/ctdg-type-permanent-magnet-bulk-dry-magnetic-separator.jpg","https://cowinmagnet.com/en/products/ctdg-type-permanent-magnet-bulk-dry-magnetic-separator","correct product family and working principle; confirmed model/series drawing; application-specific dimensions; approved performance values; verified options and exclusions; reviewer approval","","review","dry-magnetic-separator"
"https://cowinmagnet.co.za/en-za/products/magnetic-separation-equipment/ctn-type-full-countercurrent-wet-magnetic-separator/","ctn-type-full-countercurrent-wet-magnetic-separator","CTN type full countercurrent wet magnetic separator","ctn-type-full-countercurrent-wet-magnetic-separator","Magnetic Separation Equipment","published","/assets/images/source-products/ctn-type-full-countercurrent-wet-magnetic-separator.jpg","https://cowinmagnet.com/en/products/ctn-type-full-countercurrent-wet-magnetic-separator","drum diameter and length; tank type; slurry and particle-size range; confirmed model/series drawing; application-specific dimensions; approved performance values; verified options and exclusions; reviewer approval","","review","wet-drum-or-wet-magnetic-separator"
"https://cowinmagnet.co.za/en-za/products/magnetic-separation-equipment/ctn-type-specialized-magnetic-separator-for-coal-washing/","ctn-type-specialized-magnetic-separator-for-coal-washing","CTN type specialized magnetic separator for coal washing","ctn-type-specialized-magnetic-separator-for-coal-washing","Magnetic Separation Equipment","published","/assets/images/source-products/ctn-type-specialized-magnetic-separator-for-coal-washing.jpg","https://cowinmagnet.com/en/products/ctn-type-specialized-magnetic-separator-for-coal-washing","drum diameter and length; tank type; slurry and particle-size range; confirmed model/series drawing; application-specific dimensions; approved performance values; verified options and exclusions; reviewer approval","","review","wet-drum-or-wet-magnetic-separator"
"https://cowinmagnet.co.za/en-za/products/magnetic-separation-equipment/ctn-wet-full-countercurrent-magnetic-separator/","ctn-wet-full-countercurrent-magnetic-separator","CTN wet full countercurrent magnetic separator","ctn-wet-full-countercurrent-magnetic-separator","Magnetic Separation Equipment","published","/assets/images/source-products/ctn-wet-full-countercurrent-magnetic-separator.jpg","https://cowinmagnet.com/en/products/ctn-wet-full-countercurrent-magnetic-separator","drum diameter and length; tank type; slurry and particle-size range; confirmed model/series drawing; application-specific dimensions; approved performance values; verified options and exclusions; reviewer approval","","review","wet-drum-or-wet-magnetic-separator"
"https://cowinmagnet.co.za/en-za/products/magnetic-separation-equipment/ctq-type-roller-automatic-magnetic-separator/","ctq-type-roller-automatic-magnetic-separator","CTQ type roller automatic magnetic separator","ctq-type-roller-automatic-magnetic-separator","Magnetic Separation Equipment","published","/assets/images/source-products/ctq-type-roller-automatic-magnetic-separator.jpg","https://cowinmagnet.com/en/products/ctq-type-roller-automatic-magnetic-separator","correct product family and working principle; confirmed model/series drawing; application-specific dimensions; approved performance values; verified options and exclusions; reviewer approval","","review","dry-magnetic-separator"
"https://cowinmagnet.co.za/en-za/products/magnetic-separation-equipment/cts-type-downstream-wet-pre-selection-machine/","cts-type-downstream-wet-pre-selection-machine","CTS type downstream wet pre selection machine","cts-type-downstream-wet-pre-selection-machine","Magnetic Separation Equipment","published","/assets/images/source-products/cts-type-downstream-wet-pre-selection-machine.jpg","https://cowinmagnet.com/en/products/cts-type-downstream-wet-pre-selection-machine","drum diameter and length; tank type; slurry and particle-size range; confirmed model/series drawing; application-specific dimensions; approved performance values; verified options and exclusions; reviewer approval","","review","wet-drum-or-wet-magnetic-separator"
"https://cowinmagnet.co.za/en-za/products/magnetic-separation-equipment/cts-type-wet-co-current-magnetic-separator/","cts-type-wet-co-current-magnetic-separator","CTS type wet co current magnetic separator","cts-type-wet-co-current-magnetic-separator","Magnetic Separation Equipment","published","/assets/images/source-products/cts-type-wet-co-current-magnetic-separator.jpg","https://cowinmagnet.com/en/products/cts-type-wet-co-current-magnetic-separator","drum diameter and length; tank type; slurry and particle-size range; confirmed model/series drawing; application-specific dimensions; approved performance values; verified options and exclusions; reviewer approval","","review","wet-drum-or-wet-magnetic-separator"
"https://cowinmagnet.co.za/en-za/products/magnetic-separation-equipment/ctz-type-midfield-strong-semi-magnetic-drum/","ctz-type-midfield-strong-semi-magnetic-drum","CTZ type midfield strong semi magnetic drum","ctz-type-midfield-strong-semi-magnetic-drum","Magnetic Separation Equipment","published","/assets/images/source-products/ctz-type-midfield-strong-semi-magnetic-drum.jpg","https://cowinmagnet.com/en/products/ctz-type-midfield-strong-semi-magnetic-drum","drum diameter and length; tank type; slurry and particle-size range; confirmed model/series drawing; application-specific dimensions; approved performance values; verified options and exclusions; reviewer approval","","review","wet-drum-or-wet-magnetic-separator"
"https://cowinmagnet.co.za/en-za/products/magnetic-separation-equipment/ctzs-type-upward-suction-magnetic-separator/","ctzs-type-upward-suction-magnetic-separator","CTZS type upward suction magnetic separator","ctzs-type-upward-suction-magnetic-separator","Magnetic Separation Equipment","published","/assets/images/source-products/ctzs-type-upward-suction-magnetic-separator.jpg","https://cowinmagnet.com/en/products/ctzs-type-upward-suction-magnetic-separator","drum diameter and length; tank type; slurry and particle-size range; confirmed model/series drawing; application-specific dimensions; approved performance values; verified options and exclusions; reviewer approval","","review","wet-drum-or-wet-magnetic-separator"
"https://cowinmagnet.co.za/en-za/products/magnetic-separation-equipment/cxj-drum-type-automatic-magnetic-separator/","cxj-drum-type-automatic-magnetic-separator","CXJ drum type automatic magnetic separator","cxj-drum-type-automatic-magnetic-separator","Magnetic Separation Equipment","published","/assets/images/source-products/cxj-drum-type-automatic-magnetic-separator.jpg","https://cowinmagnet.com/en/products/cxj-drum-type-automatic-magnetic-separator","correct product family and working principle; confirmed model/series drawing; application-specific dimensions; approved performance values; verified options and exclusions; reviewer approval","","review","magnetic-filter-or-component"
"https://cowinmagnet.co.za/en-za/products/magnetic-separation-equipment/dcx-wet-fully-automatic-magnetic-separator/","dcx-wet-fully-automatic-magnetic-separator","DCX wet fully automatic magnetic separator","dcx-wet-fully-automatic-magnetic-separator","Magnetic Separation Equipment","published","/assets/images/source-products/dcx-wet-fully-automatic-magnetic-separator.jpg","https://cowinmagnet.com/en/products/dcx-wet-fully-automatic-magnetic-separator","drum diameter and length; tank type; slurry and particle-size range; confirmed model/series drawing; application-specific dimensions; approved performance values; verified options and exclusions; reviewer approval","","review","wet-drum-or-wet-magnetic-separator"
"https://cowinmagnet.co.za/en-za/products/magnetic-separation-equipment/dcz-type-dry-fully-automatic-magnetic-separation/","dcz-type-dry-fully-automatic-magnetic-separation","DCZ type dry fully automatic magnetic separation","dcz-type-dry-fully-automatic-magnetic-separation","Magnetic Separation Equipment","published","/assets/images/source-products/dcz-type-dry-fully-automatic-magnetic-separation.jpg","https://cowinmagnet.com/en/products/dcz-type-dry-fully-automatic-magnetic-separation","correct product family and working principle; confirmed model/series drawing; application-specific dimensions; approved performance values; verified options and exclusions; reviewer approval","","review","unclassified-product-family"
"https://cowinmagnet.co.za/en-za/products/magnetic-separation-equipment/dcz-type-dry-fully-automatic-magnetic-separator/","dcz-type-dry-fully-automatic-magnetic-separator","DCZ type dry fully automatic magnetic separator","dcz-type-dry-fully-automatic-magnetic-separator","Magnetic Separation Equipment","published","/assets/images/source-products/dcz-type-dry-fully-automatic-magnetic-separator.jpg","https://cowinmagnet.com/en/products/dcz-type-dry-fully-automatic-magnetic-separator","correct product family and working principle; confirmed model/series drawing; application-specific dimensions; approved performance values; verified options and exclusions; reviewer approval","","review","unclassified-product-family"
"https://cowinmagnet.co.za/en-za/products/magnetic-separation-equipment/dhd-type-roller-type-automatic-magnetic-separator/","dhd-type-roller-type-automatic-magnetic-separator","DHD type roller type automatic magnetic separator","dhd-type-roller-type-automatic-magnetic-separator","Magnetic Separation Equipment","published","/assets/images/source-products/dhd-type-roller-type-automatic-magnetic-separator.jpg","https://cowinmagnet.com/en/products/dhd-type-roller-type-automatic-magnetic-separator","correct product family and working principle; confirmed model/series drawing; application-specific dimensions; approved performance values; verified options and exclusions; reviewer approval","","review","dry-magnetic-separator"
"https://cowinmagnet.co.za/en-za/products/magnetic-separation-equipment/dhj-type-strong-roller-automatic-magnetic-separator/","dhj-type-strong-roller-automatic-magnetic-separator","DHJ type strong roller automatic magnetic separator","dhj-type-strong-roller-automatic-magnetic-separator","Magnetic Separation Equipment","published","/assets/images/source-products/dhj-type-strong-roller-automatic-magnetic-separator.jpg","https://cowinmagnet.com/en/products/dhj-type-strong-roller-automatic-magnetic-separator","correct product family and working principle; confirmed model/series drawing; application-specific dimensions; approved performance values; verified options and exclusions; reviewer approval","","review","dry-magnetic-separator"
"https://cowinmagnet.co.za/en-za/products/magnetic-separation-equipment/disc-magnetic-separator-for-tailing/","disc-magnetic-separator-for-tailing","Disc Magnetic Separator for Tailing","disc-magnetic-separator-for-tailing","Magnetic Separation Equipment","published","/assets/images/source-products/disc-magnetic-separator-for-tailing.jpg","https://cowinmagnet.com/en/products/disc-magnetic-separator-for-tailing","correct product family and working principle; confirmed model/series drawing; application-specific dimensions; approved performance values; verified options and exclusions; reviewer approval","","review","unclassified-product-family"
"https://cowinmagnet.co.za/en-za/products/magnetic-separation-equipment/drum-magnet/","drum-magnet","Drum Magnet","drum-magnet","Magnetic Separation Equipment","published","/assets/images/source-products/drum-magnet.jpg","https://cowinmagnet.com/en/products/drum-magnet","correct product family and working principle; confirmed model/series drawing; application-specific dimensions; approved performance values; verified options and exclusions; reviewer approval","","review","unclassified-product-family"
"https://cowinmagnet.co.za/en-za/products/magnetic-separation-equipment/dry-drum-magnetic-separator/","dry-drum-magnetic-separator","Dry Drum Magnetic Separator","dry-drum-magnetic-separator","Magnetic Separation Equipment","published","/assets/images/source-products/dry-drum-magnetic-separator.jpg","https://cowinmagnet.com/en/products/dry-drum-magnetic-separator","correct product family and working principle; confirmed model/series drawing; application-specific dimensions; approved performance values; verified options and exclusions; reviewer approval","","review","dry-magnetic-separator"
"https://cowinmagnet.co.za/en-za/products/magnetic-separation-equipment/gls-type-integral-channel-metal-separator/","gls-type-integral-channel-metal-separator","GLS type integral channel metal separator","gls-type-integral-channel-metal-separator","Magnetic Separation Equipment","published","/assets/images/source-products/gls-type-integral-channel-metal-separator.jpg","https://cowinmagnet.com/en/products/gls-type-integral-channel-metal-separator","detection aperture; sensitivity application range; alarm/reject interface; confirmed model/series drawing; application-specific dimensions; approved performance values; verified options and exclusions; reviewer approval","","review","conveyor-metal-detector"
"https://cowinmagnet.co.za/en-za/products/magnetic-separation-equipment/gtc-wet-plate-magnetic-separator/","gtc-wet-plate-magnetic-separator","GTC wet plate magnetic separator","gtc-wet-plate-magnetic-separator","Magnetic Separation Equipment","published","/assets/images/source-products/gtc-wet-plate-magnetic-separator.jpg","https://cowinmagnet.com/en/products/gtc-wet-plate-magnetic-separator","correct product family and working principle; confirmed model/series drawing; application-specific dimensions; approved performance values; verified options and exclusions; reviewer approval","","review","unclassified-product-family"
"https://cowinmagnet.co.za/en-za/products/magnetic-separation-equipment/hcg-type-dry-pre-selection-machine/","hcg-type-dry-pre-selection-machine","HCG type dry pre selection machine","hcg-type-dry-pre-selection-machine","Magnetic Separation Equipment","published","/assets/images/source-products/hcg-type-dry-pre-selection-machine.jpg","https://cowinmagnet.com/en/products/hcg-type-dry-pre-selection-machine","correct product family and working principle; confirmed model/series drawing; application-specific dimensions; approved performance values; verified options and exclusions; reviewer approval","","review","dry-magnetic-separator"
"https://cowinmagnet.co.za/en-za/products/magnetic-separation-equipment/high-frequency-screen/","high-frequency-screen","High Frequency Screen","high-frequency-screen","Magnetic Separation Equipment","published","/assets/images/source-products/high-frequency-screen.jpg","https://cowinmagnet.com/en/products/high-frequency-screen","correct product family and working principle; confirmed model/series drawing; application-specific dimensions; approved performance values; verified options and exclusions; reviewer approval","","review","unclassified-product-family"
"https://cowinmagnet.co.za/en-za/products/magnetic-separation-equipment/hjlh-type-vertical-ring-high-gradient-magnetic-separation/","hjlh-type-vertical-ring-high-gradient-magnetic-separation","HJLH type vertical ring high gradient magnetic separation","hjlh-type-vertical-ring-high-gradient-magnetic-separation","Magnetic Separation Equipment","published","/assets/images/source-products/hjlh-type-vertical-ring-high-gradient-magnetic-separation.jpg","https://cowinmagnet.com/en/products/hjlh-type-vertical-ring-high-gradient-magnetic-separation","correct product family and working principle; confirmed model/series drawing; application-specific dimensions; approved performance values; verified options and exclusions; reviewer approval","","review","unclassified-product-family"
"https://cowinmagnet.co.za/en-za/products/magnetic-separation-equipment/hjlh-wet-vertical-ring-high-gradient-magnetic-separator/","hjlh-wet-vertical-ring-high-gradient-magnetic-separator","HJLH wet vertical ring high gradient magnetic separator","hjlh-wet-vertical-ring-high-gradient-magnetic-separator","Magnetic Separation Equipment","published","/assets/images/source-products/hjlh-wet-vertical-ring-high-gradient-magnetic-separator.jpg","https://cowinmagnet.com/en/products/hjlh-wet-vertical-ring-high-gradient-magnetic-separator","correct product family and working principle; confirmed model/series drawing; application-specific dimensions; approved performance values; verified options and exclusions; reviewer approval","","review","unclassified-product-family"
"https://cowinmagnet.co.za/en-za/products/magnetic-separation-equipment/hjpc-wet-disc-magnetic-separation/","hjpc-wet-disc-magnetic-separation","HJPC wet disc magnetic separation","hjpc-wet-disc-magnetic-separation","Magnetic Separation Equipment","published","/assets/images/source-products/hjpc-wet-disc-magnetic-separation.jpg","https://cowinmagnet.com/en/products/hjpc-wet-disc-magnetic-separation","correct product family and working principle; confirmed model/series drawing; application-specific dimensions; approved performance values; verified options and exclusions; reviewer approval","","review","unclassified-product-family"
"https://cowinmagnet.co.za/en-za/products/magnetic-separation-equipment/hmdn-coal-washing-special-magnetic-separator/","hmdn-coal-washing-special-magnetic-separator","HMDN coal washing special magnetic separator","hmdn-coal-washing-special-magnetic-separator","Magnetic Separation Equipment","published","/assets/images/source-products/hmdn-coal-washing-special-magnetic-separator.jpg","https://cowinmagnet.com/en/products/hmdn-coal-washing-special-magnetic-separator","correct product family and working principle; confirmed model/series drawing; application-specific dimensions; approved performance values; verified options and exclusions; reviewer approval","","review","unclassified-product-family"
"https://cowinmagnet.co.za/en-za/products/magnetic-separation-equipment/ljk-type-magnetic-ore-special-iron-remover/","ljk-type-magnetic-ore-special-iron-remover","LJK type magnetic ore special iron remover","ljk-type-magnetic-ore-special-iron-remover","Magnetic Separation Equipment","published","/assets/images/source-products/ljk-type-magnetic-ore-special-iron-remover.jpg","https://cowinmagnet.com/en/products/ljk-type-magnetic-ore-special-iron-remover","correct product family and working principle; confirmed model/series drawing; application-specific dimensions; approved performance values; verified options and exclusions; reviewer approval","","review","unclassified-product-family"
"https://cowinmagnet.co.za/en-za/products/magnetic-separation-equipment/magnetic-head-pulley/","magnetic-head-pulley","Magnetic Head Pulley","magnetic-head-pulley","Magnetic Separation Equipment","published","/assets/images/source-products/magnetic-head-pulley.jpg","https://cowinmagnet.com/en/products/magnetic-head-pulley","pulley dimensions; magnetic circuit grade; conveyor integration details; confirmed model/series drawing; application-specific dimensions; approved performance values; verified options and exclusions; reviewer approval","","review","magnetic-head-pulley"
"https://cowinmagnet.co.za/en-za/products/magnetic-separation-equipment/nct-type-concentrated-magnetic-separator/","nct-type-concentrated-magnetic-separator","NCT type concentrated magnetic separator","nct-type-concentrated-magnetic-separator","Magnetic Separation Equipment","published","/assets/images/source-products/nct-type-concentrated-magnetic-separator.jpg","https://cowinmagnet.com/en/products/nct-type-concentrated-magnetic-separator","correct product family and working principle; confirmed model/series drawing; application-specific dimensions; approved performance values; verified options and exclusions; reviewer approval","","review","unclassified-product-family"
"https://cowinmagnet.co.za/en-za/products/magnetic-separation-equipment/qcg-wet-roller-magnetic-separator/","qcg-wet-roller-magnetic-separator","QCG wet roller magnetic separator","qcg-wet-roller-magnetic-separator","Magnetic Separation Equipment","published","/assets/images/source-products/qcg-wet-roller-magnetic-separator.jpg","https://cowinmagnet.com/en/products/qcg-wet-roller-magnetic-separator","drum diameter and length; tank type; slurry and particle-size range; confirmed model/series drawing; application-specific dimensions; approved performance values; verified options and exclusions; reviewer approval","","review","wet-drum-or-wet-magnetic-separator"
"https://cowinmagnet.co.za/en-za/products/magnetic-separation-equipment/rct-type-fully-magnetic-drum/","rct-type-fully-magnetic-drum","RCT type fully magnetic drum","rct-type-fully-magnetic-drum","Magnetic Separation Equipment","published","/assets/images/source-products/rct-type-fully-magnetic-drum.jpg","https://cowinmagnet.com/en/products/rct-type-fully-magnetic-drum","drum diameter and length; tank type; slurry and particle-size range; confirmed model/series drawing; application-specific dimensions; approved performance values; verified options and exclusions; reviewer approval","","review","wet-drum-or-wet-magnetic-separator"
"https://cowinmagnet.co.za/en-za/products/magnetic-separation-equipment/round-electromagnetic-lifting-magnet/","round-electromagnetic-lifting-magnet","Round Electromagnetic Lifting Magnet","round-electromagnetic-lifting-magnet","Magnetic Separation Equipment","published","/assets/images/source-products/round-electromagnetic-lifting-magnet.webp","https://cowinmagnet.com/en/products/round-electromagnetic-lifting-magnet","input power; coil/cooling configuration; control cabinet requirements; confirmed model/series drawing; application-specific dimensions; approved performance values; verified options and exclusions; reviewer approval","","review","suspended-electromagnetic-separator"
"https://cowinmagnet.co.za/en-za/products/magnetic-separation-equipment/wbc-semi-magnetic-tailings-recovery-machine/","wbc-semi-magnetic-tailings-recovery-machine","WBC semi magnetic tailings recovery machine","wbc-semi-magnetic-tailings-recovery-machine","Magnetic Separation Equipment","published","/assets/images/source-products/wbc-semi-magnetic-tailings-recovery-machine.jpg","https://cowinmagnet.com/en/products/wbc-semi-magnetic-tailings-recovery-machine","correct product family and working principle; confirmed model/series drawing; application-specific dimensions; approved performance values; verified options and exclusions; reviewer approval","","review","unclassified-product-family"
"https://cowinmagnet.co.za/en-za/products/magnetic-separation-equipment/wet-drum-magnetic-separator/","wet-drum-magnetic-separator","Wet Drum Magnetic Separator","wet-drum-magnetic-separator","Magnetic Separation Equipment","published","/assets/images/source-products/wet-drum-magnetic-separator.jpg","https://cowinmagnet.com/en/products/wet-drum-magnetic-separator","drum diameter and length; tank type; slurry and particle-size range; confirmed model/series drawing; application-specific dimensions; approved performance values; verified options and exclusions; reviewer approval","","review","wet-drum-or-wet-magnetic-separator"
"https://cowinmagnet.co.za/en-za/products/metal-detection-and-recycling-sorting/dls-type-window-metal-detector/","dls-type-window-metal-detector","DLS type window metal detector","dls-type-window-metal-detector","Metal Detection & Recovery Sorting","published","/assets/images/source-products/dls-type-window-metal-detector.jpg","https://cowinmagnet.com/en/products/dls-type-window-metal-detector","detection aperture; sensitivity application range; alarm/reject interface; confirmed model/series drawing; application-specific dimensions; approved performance values; verified options and exclusions; reviewer approval","","review","conveyor-metal-detector"
"https://cowinmagnet.co.za/en-za/products/metal-detection-and-recycling-sorting/eccentric-eddy-current-separator/","eccentric-eddy-current-separator","Eccentric Eddy Current Separator","eccentric-eddy-current-separator","Metal Detection & Recovery Sorting","published","/assets/images/source-products/eccentric-eddy-current-separator.jpg","https://cowinmagnet.com/en/products/eccentric-eddy-current-separator","rotor configuration; feed-size range; splitter adjustment; confirmed model/series drawing; application-specific dimensions; approved performance values; verified options and exclusions; reviewer approval","","review","eddy-current-separator"
"https://cowinmagnet.co.za/en-za/products/metal-detection-and-recycling-sorting/gjt-type-window-metal-detector/","gjt-type-window-metal-detector","GJT type window metal detector","gjt-type-window-metal-detector","Metal Detection & Recovery Sorting","published","/assets/images/source-products/gjt-type-window-metal-detector.jpg","https://cowinmagnet.com/en/products/gjt-type-window-metal-detector","detection aperture; sensitivity application range; alarm/reject interface; confirmed model/series drawing; application-specific dimensions; approved performance values; verified options and exclusions; reviewer approval","","review","conveyor-metal-detector"
"https://cowinmagnet.co.za/en-za/products/metal-detection-and-recycling-sorting/hecp-eddy-current-metal-sorting-machine/","hecp-eddy-current-metal-sorting-machine","HECP eddy current metal sorting machine","hecp-eddy-current-metal-sorting-machine","Metal Detection & Recovery Sorting","published","/assets/images/source-products/hecp-eddy-current-metal-sorting-machine.jpg","https://cowinmagnet.com/en/products/hecp-eddy-current-metal-sorting-machine","rotor configuration; feed-size range; splitter adjustment; confirmed model/series drawing; application-specific dimensions; approved performance values; verified options and exclusions; reviewer approval","","review","eddy-current-separator"
"https://cowinmagnet.co.za/en-za/products/metal-detection-and-recycling-sorting/hecs-type-eddy-current-metal-sorting-machine/","hecs-type-eddy-current-metal-sorting-machine","HECS type eddy current metal sorting machine","hecs-type-eddy-current-metal-sorting-machine","Metal Detection & Recovery Sorting","published","/assets/images/source-products/hecs-type-eddy-current-metal-sorting-machine.jpg","https://cowinmagnet.com/en/products/hecs-type-eddy-current-metal-sorting-machine","rotor configuration; feed-size range; splitter adjustment; confirmed model/series drawing; application-specific dimensions; approved performance values; verified options and exclusions; reviewer approval","","review","eddy-current-separator"
"https://cowinmagnet.co.za/en-za/products/metal-detection-and-recycling-sorting/stainless-steel-separation-conveyor/","stainless-steel-separation-conveyor","Stainless Steel Separation Conveyor","stainless-steel-separation-conveyor","Metal Detection & Recovery Sorting","published","/assets/images/source-products/stainless-steel-separation-conveyor.webp","https://cowinmagnet.com/en/products/stainless-steel-separation-conveyor","correct product family and working principle; confirmed model/series drawing; application-specific dimensions; approved performance values; verified options and exclusions; reviewer approval","","review","unclassified-product-family"
"https://cowinmagnet.co.za/en-za/products/suspended-and-self-unloading-iron-removers/electromagnet-separator/","electromagnet-separator","Electromagnet Separator","electromagnet-separator","Suspended & Self-Cleaning Iron Removers","published","/assets/images/source-products/electromagnet-separator.jpg","https://cowinmagnet.com/en/products/electromagnet-separator","correct product family and working principle; confirmed model/series drawing; application-specific dimensions; approved performance values; verified options and exclusions; reviewer approval","","review","unclassified-product-family"
"https://cowinmagnet.co.za/en-za/products/suspended-and-self-unloading-iron-removers/kgla-series-rectifier-control-box/","kgla-series-rectifier-control-box","KGLA series rectifier control box","kgla-series-rectifier-control-box","Suspended & Self-Cleaning Iron Removers","published","/assets/images/source-products/kgla-series-rectifier-control-box.jpg","https://cowinmagnet.com/en/products/kgla-series-rectifier-control-box","correct product family and working principle; confirmed model/series drawing; application-specific dimensions; approved performance values; verified options and exclusions; reviewer approval","","review","unclassified-product-family"
"https://cowinmagnet.co.za/en-za/products/suspended-and-self-unloading-iron-removers/kxb-mining-explosion-proof-electromagnetic-iron-remover-control-box/","kxb-mining-explosion-proof-electromagnetic-iron-remover-control-box","KXB mining explosion-proof electromagnetic iron remover control box","kxb-mining-explosion-proof-electromagnetic-iron-remover-control-box","Suspended & Self-Cleaning Iron Removers","published","/assets/images/source-products/kxb-mining-explosion-proof-electromagnetic-iron-remover-control-box.jpg","https://cowinmagnet.com/en/products/kxb-mining-explosion-proof-electromagnetic-iron-remover-control-box","input power; coil/cooling configuration; control cabinet requirements; confirmed model/series drawing; application-specific dimensions; approved performance values; verified options and exclusions; reviewer approval","","review","suspended-electromagnetic-separator"
"https://cowinmagnet.co.za/en-za/products/suspended-and-self-unloading-iron-removers/permanent-overband-magnetic-separator/","permanent-overband-magnetic-separator","Permanent Overband Magnetic Separator","permanent-overband-magnetic-separator","Suspended & Self-Cleaning Iron Removers","published","/assets/images/source-products/permanent-overband-magnetic-separator.jpg","https://cowinmagnet.com/en/products/permanent-overband-magnetic-separator","self-cleaning belt arrangement; drive details where applicable; belt speed and duty; confirmed model/series drawing; application-specific dimensions; approved performance values; verified options and exclusions; reviewer approval","","review","permanent-overband-or-self-cleaning"
"https://cowinmagnet.co.za/en-za/products/suspended-and-self-unloading-iron-removers/qjz-mining-explosion-proof-permanent-magnet-iron-remover-control-box/","qjz-mining-explosion-proof-permanent-magnet-iron-remover-control-box","QJZ mining explosion-proof permanent magnet iron remover control box","qjz-mining-explosion-proof-permanent-magnet-iron-remover-control-box","Suspended & Self-Cleaning Iron Removers","published","/assets/images/source-products/qjz-mining-explosion-proof-permanent-magnet-iron-remover-control-box.jpg","https://cowinmagnet.com/en/products/qjz-mining-explosion-proof-permanent-magnet-iron-remover-control-box","correct product family and working principle; confirmed model/series drawing; application-specific dimensions; approved performance values; verified options and exclusions; reviewer approval","","review","unclassified-product-family"
"https://cowinmagnet.co.za/en-za/products/suspended-and-self-unloading-iron-removers/rbcdb-explosion-proof-disc-type-electromagnetic-iron-remover/","rbcdb-explosion-proof-disc-type-electromagnetic-iron-remover","RBCDB explosion-proof disc type electromagnetic iron remover","rbcdb-explosion-proof-disc-type-electromagnetic-iron-remover","Suspended & Self-Cleaning Iron Removers","published","/assets/images/source-products/rbcdb-explosion-proof-disc-type-electromagnetic-iron-remover.jpg","https://cowinmagnet.com/en/products/rbcdb-explosion-proof-disc-type-electromagnetic-iron-remover","input power; coil/cooling configuration; control cabinet requirements; confirmed model/series drawing; application-specific dimensions; approved performance values; verified options and exclusions; reviewer approval","","review","suspended-electromagnetic-separator"
"https://cowinmagnet.co.za/en-za/products/suspended-and-self-unloading-iron-removers/rbcdd-explosion-proof-electromagnetic-self-dumping-iron-remover/","rbcdd-explosion-proof-electromagnetic-self-dumping-iron-remover","RBCDD explosion-proof electromagnetic self dumping iron remover","rbcdd-explosion-proof-electromagnetic-self-dumping-iron-remover","Suspended & Self-Cleaning Iron Removers","published","/assets/images/source-products/rbcdd-explosion-proof-electromagnetic-self-dumping-iron-remover.jpg","https://cowinmagnet.com/en/products/rbcdd-explosion-proof-electromagnetic-self-dumping-iron-remover","input power; coil/cooling configuration; self-cleaning drive details; confirmed model/series drawing; application-specific dimensions; approved performance values; verified options and exclusions; reviewer approval","","review","self-cleaning-electromagnetic-overband"
"https://cowinmagnet.co.za/en-za/products/suspended-and-self-unloading-iron-removers/rbcyd-explosion-proof-permanent-magnet-self-dumping-iron-remover/","rbcyd-explosion-proof-permanent-magnet-self-dumping-iron-remover","RBCYD explosion-proof permanent magnet self dumping iron remover","rbcyd-explosion-proof-permanent-magnet-self-dumping-iron-remover","Suspended & Self-Cleaning Iron Removers","published","/assets/images/source-products/rbcyd-explosion-proof-permanent-magnet-self-dumping-iron-remover.jpg","https://cowinmagnet.com/en/products/rbcyd-explosion-proof-permanent-magnet-self-dumping-iron-remover","self-cleaning belt arrangement; drive details where applicable; belt speed and duty; confirmed model/series drawing; application-specific dimensions; approved performance values; verified options and exclusions; reviewer approval","","review","permanent-overband-or-self-cleaning"
"https://cowinmagnet.co.za/en-za/products/suspended-and-self-unloading-iron-removers/rcda-type-air-cooled-electromagnetic-iron-remover/","rcda-type-air-cooled-electromagnetic-iron-remover","RCDA type air-cooled electromagnetic iron remover","rcda-type-air-cooled-electromagnetic-iron-remover","Suspended & Self-Cleaning Iron Removers","published","/assets/images/source-products/rcda-type-air-cooled-electromagnetic-iron-remover.jpg","https://cowinmagnet.com/en/products/rcda-type-air-cooled-electromagnetic-iron-remover","input power; coil/cooling configuration; control cabinet requirements; confirmed model/series drawing; application-specific dimensions; approved performance values; verified options and exclusions; reviewer approval","","review","suspended-electromagnetic-separator"
"https://cowinmagnet.co.za/en-za/products/suspended-and-self-unloading-iron-removers/rcdb-type-self-cooling-plate-electromagnetic-iron-remover/","rcdb-type-self-cooling-plate-electromagnetic-iron-remover","RCDB type self cooling plate electromagnetic iron remover","rcdb-type-self-cooling-plate-electromagnetic-iron-remover","Suspended & Self-Cleaning Iron Removers","published","/assets/images/source-products/rcdb-type-self-cooling-plate-electromagnetic-iron-remover.jpg","https://cowinmagnet.com/en/products/rcdb-type-self-cooling-plate-electromagnetic-iron-remover","input power; coil/cooling configuration; control cabinet requirements; confirmed model/series drawing; application-specific dimensions; approved performance values; verified options and exclusions; reviewer approval","","review","suspended-electromagnetic-separator"
"https://cowinmagnet.co.za/en-za/products/suspended-and-self-unloading-iron-removers/rcdc-type-air-cooled-self-dumping-electromagnetic-iron-remover/","rcdc-type-air-cooled-self-dumping-electromagnetic-iron-remover","RCDC type air-cooled self dumping electromagnetic iron remover","rcdc-type-air-cooled-self-dumping-electromagnetic-iron-remover","Suspended & Self-Cleaning Iron Removers","published","/assets/images/source-products/rcdc-type-air-cooled-self-dumping-electromagnetic-iron-remover.jpg","https://cowinmagnet.com/en/products/rcdc-type-air-cooled-self-dumping-electromagnetic-iron-remover","input power; coil/cooling configuration; self-cleaning drive details; confirmed model/series drawing; application-specific dimensions; approved performance values; verified options and exclusions; reviewer approval","","review","self-cleaning-electromagnetic-overband"
"https://cowinmagnet.co.za/en-za/products/suspended-and-self-unloading-iron-removers/rcdd-type-self-cooling-self-dumping-electromagnetic-iron-remover/","rcdd-type-self-cooling-self-dumping-electromagnetic-iron-remover","RCDD type self cooling self dumping electromagnetic iron remover","rcdd-type-self-cooling-self-dumping-electromagnetic-iron-remover","Suspended & Self-Cleaning Iron Removers","published","/assets/images/source-products/rcdd-type-self-cooling-self-dumping-electromagnetic-iron-remover.jpg","https://cowinmagnet.com/en/products/rcdd-type-self-cooling-self-dumping-electromagnetic-iron-remover","input power; coil/cooling configuration; self-cleaning drive details; confirmed model/series drawing; application-specific dimensions; approved performance values; verified options and exclusions; reviewer approval","","review","self-cleaning-electromagnetic-overband"
"https://cowinmagnet.co.za/en-za/products/suspended-and-self-unloading-iron-removers/rcde-type-oil-cooled-electromagnetic-iron-remover/","rcde-type-oil-cooled-electromagnetic-iron-remover","RCDE type oil cooled electromagnetic iron remover","rcde-type-oil-cooled-electromagnetic-iron-remover","Suspended & Self-Cleaning Iron Removers","published","/assets/images/source-products/rcde-type-oil-cooled-electromagnetic-iron-remover.jpg","https://cowinmagnet.com/en/products/rcde-type-oil-cooled-electromagnetic-iron-remover","input power; coil/cooling configuration; control cabinet requirements; confirmed model/series drawing; application-specific dimensions; approved performance values; verified options and exclusions; reviewer approval","","review","suspended-electromagnetic-separator"
"https://cowinmagnet.co.za/en-za/products/suspended-and-self-unloading-iron-removers/rcdf-oil-cooled-self-dumping-electromagnetic-iron-remover/","rcdf-oil-cooled-self-dumping-electromagnetic-iron-remover","RCDF oil cooled self dumping electromagnetic iron remover","rcdf-oil-cooled-self-dumping-electromagnetic-iron-remover","Suspended & Self-Cleaning Iron Removers","published","/assets/images/source-products/rcdf-oil-cooled-self-dumping-electromagnetic-iron-remover.jpg","https://cowinmagnet.com/en/products/rcdf-oil-cooled-self-dumping-electromagnetic-iron-remover","input power; coil/cooling configuration; self-cleaning drive details; confirmed model/series drawing; application-specific dimensions; approved performance values; verified options and exclusions; reviewer approval","","review","self-cleaning-electromagnetic-overband"
"https://cowinmagnet.co.za/en-za/products/suspended-and-self-unloading-iron-removers/rcdfj-type-forced-oil-circulation-self-dumping-electromagnetic-iron-remover/","rcdfj-type-forced-oil-circulation-self-dumping-electromagnetic-iron-remover","RCDFJ type forced oil circulation self dumping electromagnetic iron remover","rcdfj-type-forced-oil-circulation-self-dumping-electromagnetic-iron-remover","Suspended & Self-Cleaning Iron Removers","published","/assets/images/source-products/rcdfj-type-forced-oil-circulation-self-dumping-electromagnetic-iron-remover.jpg","https://cowinmagnet.com/en/products/rcdfj-type-forced-oil-circulation-self-dumping-electromagnetic-iron-remover","input power; coil/cooling configuration; self-cleaning drive details; confirmed model/series drawing; application-specific dimensions; approved performance values; verified options and exclusions; reviewer approval","","review","self-cleaning-electromagnetic-overband"
"https://cowinmagnet.co.za/en-za/products/suspended-and-self-unloading-iron-removers/rcps-self-dumping-disc-type-permanent-magnet-iron-remover/","rcps-self-dumping-disc-type-permanent-magnet-iron-remover","RCPS self dumping disc type permanent magnet iron remover","rcps-self-dumping-disc-type-permanent-magnet-iron-remover","Suspended & Self-Cleaning Iron Removers","published","/assets/images/source-products/rcps-self-dumping-disc-type-permanent-magnet-iron-remover.jpg","https://cowinmagnet.com/en/products/rcps-self-dumping-disc-type-permanent-magnet-iron-remover","self-cleaning belt arrangement; drive details where applicable; belt speed and duty; confirmed model/series drawing; application-specific dimensions; approved performance values; verified options and exclusions; reviewer approval","","review","permanent-overband-or-self-cleaning"
"https://cowinmagnet.co.za/en-za/products/suspended-and-self-unloading-iron-removers/rcya-type-inclined-pipeline-permanent-magnet-iron-remover/","rcya-type-inclined-pipeline-permanent-magnet-iron-remover","RCYA type inclined pipeline permanent magnet iron remover","rcya-type-inclined-pipeline-permanent-magnet-iron-remover","Suspended & Self-Cleaning Iron Removers","published","/assets/images/source-products/rcya-type-inclined-pipeline-permanent-magnet-iron-remover.jpg","https://cowinmagnet.com/en/products/rcya-type-inclined-pipeline-permanent-magnet-iron-remover","correct product family and working principle; confirmed model/series drawing; application-specific dimensions; approved performance values; verified options and exclusions; reviewer approval","","review","magnetic-filter-or-component"
"https://cowinmagnet.co.za/en-za/products/suspended-and-self-unloading-iron-removers/rcyb-type-permanent-magnet-manual-iron-remover/","rcyb-type-permanent-magnet-manual-iron-remover","RCYB type permanent magnet manual iron remover","rcyb-type-permanent-magnet-manual-iron-remover","Suspended & Self-Cleaning Iron Removers","published","/assets/images/source-products/rcyb-type-permanent-magnet-manual-iron-remover.jpg","https://cowinmagnet.com/en/products/rcyb-type-permanent-magnet-manual-iron-remover","installation orientation; manual cleaning method; suspension height; confirmed model/series drawing; application-specific dimensions; approved performance values; verified options and exclusions; reviewer approval","","review","suspended-permanent-magnetic-separator"
"https://cowinmagnet.co.za/en-za/products/suspended-and-self-unloading-iron-removers/rcyd-type-permanent-magnet-self-dumping-iron-remover/","rcyd-type-permanent-magnet-self-dumping-iron-remover","RCYD type permanent magnet self dumping iron remover","rcyd-type-permanent-magnet-self-dumping-iron-remover","Suspended & Self-Cleaning Iron Removers","published","/assets/images/source-products/rcyd-type-permanent-magnet-self-dumping-iron-remover.jpg","https://cowinmagnet.com/en/products/rcyd-type-permanent-magnet-self-dumping-iron-remover","self-cleaning belt arrangement; drive details where applicable; belt speed and duty; confirmed model/series drawing; application-specific dimensions; approved performance values; verified options and exclusions; reviewer approval","","review","permanent-overband-or-self-cleaning"
"https://cowinmagnet.co.za/en-za/products/suspended-and-self-unloading-iron-removers/rcydii-type-permanent-magnet-self-dumping-iron-remover/","rcydii-type-permanent-magnet-self-dumping-iron-remover","RCYDII type permanent magnet self dumping iron remover","rcydii-type-permanent-magnet-self-dumping-iron-remover","Suspended & Self-Cleaning Iron Removers","published","/assets/images/source-products/rcydii-type-permanent-magnet-self-dumping-iron-remover.jpg","https://cowinmagnet.com/en/products/rcydii-type-permanent-magnet-self-dumping-iron-remover","self-cleaning belt arrangement; drive details where applicable; belt speed and duty; confirmed model/series drawing; application-specific dimensions; approved performance values; verified options and exclusions; reviewer approval","","review","permanent-overband-or-self-cleaning"
"https://cowinmagnet.co.za/en-za/products/suspended-and-self-unloading-iron-removers/rcye-type-permanent-magnet-self-dumping-iron-remover/","rcye-type-permanent-magnet-self-dumping-iron-remover","RCYE type permanent magnet self dumping iron remover","rcye-type-permanent-magnet-self-dumping-iron-remover","Suspended & Self-Cleaning Iron Removers","published","/assets/images/source-products/rcye-type-permanent-magnet-self-dumping-iron-remover.jpg","https://cowinmagnet.com/en/products/rcye-type-permanent-magnet-self-dumping-iron-remover","self-cleaning belt arrangement; drive details where applicable; belt speed and duty; confirmed model/series drawing; application-specific dimensions; approved performance values; verified options and exclusions; reviewer approval","","review","permanent-overband-or-self-cleaning"
"https://cowinmagnet.co.za/en-za/products/suspended-and-self-unloading-iron-removers/rcyf-type-vertical-pipeline-permanent-magnet-iron-remover/","rcyf-type-vertical-pipeline-permanent-magnet-iron-remover","RCYF type vertical pipeline permanent magnet iron remover","rcyf-type-vertical-pipeline-permanent-magnet-iron-remover","Suspended & Self-Cleaning Iron Removers","published","/assets/images/source-products/rcyf-type-vertical-pipeline-permanent-magnet-iron-remover.jpg","https://cowinmagnet.com/en/products/rcyf-type-vertical-pipeline-permanent-magnet-iron-remover","correct product family and working principle; confirmed model/series drawing; application-specific dimensions; approved performance values; verified options and exclusions; reviewer approval","","review","magnetic-filter-or-component"
"https://cowinmagnet.co.za/en-za/products/suspended-and-self-unloading-iron-removers/rcyg-type-pipeline-self-dumping-permanent-magnet-iron-remover/","rcyg-type-pipeline-self-dumping-permanent-magnet-iron-remover","RCYG type pipeline self dumping permanent magnet iron remover","rcyg-type-pipeline-self-dumping-permanent-magnet-iron-remover","Suspended & Self-Cleaning Iron Removers","published","/assets/images/source-products/rcyg-type-pipeline-self-dumping-permanent-magnet-iron-remover.jpg","https://cowinmagnet.com/en/products/rcyg-type-pipeline-self-dumping-permanent-magnet-iron-remover","correct product family and working principle; confirmed model/series drawing; application-specific dimensions; approved performance values; verified options and exclusions; reviewer approval","","review","magnetic-filter-or-component"
"https://cowinmagnet.co.za/en-za/products/suspended-and-self-unloading-iron-removers/rcyp-type-permanent-magnet-manual-self-dumping-iron-remover/","rcyp-type-permanent-magnet-manual-self-dumping-iron-remover","RCYP type permanent magnet manual self dumping iron remover","rcyp-type-permanent-magnet-manual-self-dumping-iron-remover","Suspended & Self-Cleaning Iron Removers","published","/assets/images/source-products/rcyp-type-permanent-magnet-manual-self-dumping-iron-remover.jpg","https://cowinmagnet.com/en/products/rcyp-type-permanent-magnet-manual-self-dumping-iron-remover","self-cleaning belt arrangement; drive details where applicable; belt speed and duty; confirmed model/series drawing; application-specific dimensions; approved performance values; verified options and exclusions; reviewer approval","","review","permanent-overband-or-self-cleaning"
"https://cowinmagnet.co.za/en-za/products/suspended-and-self-unloading-iron-removers/rcyz-type-vertical-pipeline-permanent-magnet-iron-remover/","rcyz-type-vertical-pipeline-permanent-magnet-iron-remover","RCYZ type vertical pipeline permanent magnet iron remover","rcyz-type-vertical-pipeline-permanent-magnet-iron-remover","Suspended & Self-Cleaning Iron Removers","published","/assets/images/source-products/rcyz-type-vertical-pipeline-permanent-magnet-iron-remover.jpg","https://cowinmagnet.com/en/products/rcyz-type-vertical-pipeline-permanent-magnet-iron-remover","correct product family and working principle; confirmed model/series drawing; application-specific dimensions; approved performance values; verified options and exclusions; reviewer approval","","review","magnetic-filter-or-component"
"https://cowinmagnet.co.za/en-za/products/suspended-and-self-unloading-iron-removers/suspended-electromagnetic-conveyor-belt-separator/","suspended-electromagnetic-conveyor-belt-separator","Suspended Electromagnetic Conveyor Belt Separator","suspended-electromagnetic-conveyor-belt-separator","Suspended & Self-Cleaning Iron Removers","published","/assets/images/source-products/suspended-electromagnetic-conveyor-belt-separator.webp","https://cowinmagnet.com/en/products/suspended-electromagnetic-conveyor-belt-separator","input power; coil/cooling configuration; control cabinet requirements; confirmed model/series drawing; application-specific dimensions; approved performance values; verified options and exclusions; reviewer approval","","review","suspended-electromagnetic-separator"
"https://cowinmagnet.co.za/en-za/products/suspended-and-self-unloading-iron-removers/suspended-permanent-magnetic-separator/","suspended-permanent-magnetic-separator","Suspended Permanent Magnetic Separator","suspended-permanent-magnetic-separator","Suspended & Self-Cleaning Iron Removers","published","/assets/images/source-products/suspended-permanent-magnetic-separator.webp","https://cowinmagnet.com/en/products/suspended-permanent-magnetic-separator","installation orientation; manual cleaning method; suspension height; confirmed model/series drawing; application-specific dimensions; approved performance values; verified options and exclusions; reviewer approval","","review","suspended-permanent-magnetic-separator"
